"Package","LibPath","Version","Priority","Depends","Imports","LinkingTo","Suggests","Enhances","License","License_is_FOSS","License_restricts_use","OS_type","MD5sum","NeedsCompilation","Built"
"abind","C:/Users/jub29yk/R/R-4.2.1/library","1.4-5",NA,"R (>= 1.5.0)","methods, utils",NA,NA,NA,"LGPL (>= 2)",NA,NA,NA,NA,"no","4.2.0"
"affy","C:/Users/jub29yk/R/R-4.2.1/library","1.76.0",NA,"R (>= 2.8.0), BiocGenerics (>= 0.1.12), Biobase (>= 2.5.5)","affyio (>= 1.13.3), BiocManager, graphics, grDevices, methods,
preprocessCore, stats, utils, zlibbioc","preprocessCore","tkWidgets (>= 1.19.0), affydata, widgetTools",NA,"LGPL (>= 2.0)",NA,NA,NA,NA,"yes","4.2.1"
"affyio","C:/Users/jub29yk/R/R-4.2.1/library","1.68.0",NA,"R (>= 2.6.0)","zlibbioc, methods",NA,NA,NA,"LGPL (>= 2)",NA,NA,NA,NA,"yes","4.2.1"
"amap","C:/Users/jub29yk/R/R-4.2.1/library","0.8-19",NA,"R (>= 3.6.0)",NA,NA,"Biobase",NA,"GPL",NA,NA,NA,NA,"yes","4.2.1"
"Amelia","C:/Users/jub29yk/R/R-4.2.1/library","1.8.1",NA,"R (>= 3.0.2), Rcpp (>= 0.11)","foreign, utils, grDevices, graphics, methods, stats, rlang","Rcpp (>= 0.11), RcppArmadillo","tcltk, broom, rmarkdown, knitr",NA,"GPL (>= 2)",NA,NA,NA,NA,"yes","4.2.2"
"arm","C:/Users/jub29yk/R/R-4.2.1/library","1.13-1",NA,"R (>= 3.1.0), MASS, Matrix (>= 1.0), stats, lme4 (>= 1.0)","abind, coda, graphics, grDevices, methods, nlme, utils",NA,NA,NA,"GPL (> 2)",NA,NA,NA,NA,"no","4.2.2"
"askpass","C:/Users/jub29yk/R/R-4.2.1/library","1.1",NA,NA,"sys (>= 2.1)",NA,"testthat",NA,"MIT + file LICENSE",NA,NA,NA,NA,"yes","4.2.2"
"assertthat","C:/Users/jub29yk/R/R-4.2.1/library","0.2.1",NA,NA,"tools",NA,"testthat, covr",NA,"GPL-3",NA,NA,NA,NA,"no","4.2.2"
"backports","C:/Users/jub29yk/R/R-4.2.1/library","1.4.1",NA,"R (>= 3.0.0)",NA,NA,NA,NA,"GPL-2 | GPL-3",NA,NA,NA,NA,"yes","4.2.0"
"base","C:/Users/jub29yk/R/R-4.2.1/library","4.2.1","base",NA,NA,NA,"methods",NA,"Part of R 4.2.1",NA,NA,NA,NA,NA,"4.2.1"
"base64enc","C:/Users/jub29yk/R/R-4.2.1/library","0.1-3",NA,"R (>= 2.9.0)",NA,NA,NA,"png","GPL-2 | GPL-3",NA,NA,NA,NA,"yes","4.2.0"
"Biobase","C:/Users/jub29yk/R/R-4.2.1/library","2.58.0",NA,"R (>= 2.10), BiocGenerics (>= 0.27.1), utils","methods",NA,"tools, tkWidgets, ALL, RUnit, golubEsets, BiocStyle, knitr",NA,"Artistic-2.0",NA,NA,NA,NA,"yes","4.2.1"
"BiocGenerics","C:/Users/jub29yk/R/R-4.2.1/library","0.44.0",NA,"R (>= 4.0.0), methods, utils, graphics, stats","methods, utils, graphics, stats",NA,"Biobase, S4Vectors, IRanges, GenomicRanges, DelayedArray,
Biostrings, Rsamtools, AnnotationDbi, affy, affyPLM, DESeq2,
flowClust, MSnbase, annotate, RUnit",NA,"Artistic-2.0",NA,NA,NA,NA,"no","4.2.1"
"BiocManager","C:/Users/jub29yk/R/R-4.2.1/library","1.30.19",NA,NA,"utils",NA,"BiocVersion, remotes, rmarkdown, testthat, withr, curl, knitr",NA,"Artistic-2.0",NA,NA,NA,NA,"no","4.2.2"
"BiocVersion","C:/Users/jub29yk/R/R-4.2.1/library","3.16.0",NA,"R (>= 4.2.0)",NA,NA,NA,NA,"Artistic-2.0",NA,NA,NA,NA,"no","4.2.0"
"bit","C:/Users/jub29yk/R/R-4.2.1/library","4.0.5",NA,"R (>= 2.9.2)",NA,NA,"testthat (>= 0.11.0), roxygen2, knitr, rmarkdown,
microbenchmark, bit64 (>= 4.0.0), ff (>= 4.0.0)",NA,"GPL-2 | GPL-3",NA,NA,NA,NA,"yes","4.2.2"
"bit64","C:/Users/jub29yk/R/R-4.2.1/library","4.0.5",NA,"R (>= 3.0.1), bit (>= 4.0.0), utils, methods, stats",NA,NA,NA,NA,"GPL-2 | GPL-3",NA,NA,NA,NA,"yes","4.2.2"
"bitops","C:/Users/jub29yk/R/R-4.2.1/library","1.0-7",NA,NA,NA,NA,NA,NA,"GPL (>= 2)",NA,NA,NA,NA,"yes","4.2.0"
"blob","C:/Users/jub29yk/R/R-4.2.1/library","1.2.3",NA,NA,"methods, rlang, vctrs (>= 0.2.1)",NA,"covr, crayon, pillar (>= 1.2.1), testthat",NA,"MIT + file LICENSE",NA,NA,NA,NA,"no","4.2.2"
"boot","C:/Users/jub29yk/R/R-4.2.1/library","1.3-28","recommended","R (>= 3.0.0), graphics, stats",NA,NA,"MASS, survival",NA,"Unlimited",NA,NA,NA,NA,"no","4.2.1"
"brew","C:/Users/jub29yk/R/R-4.2.1/library","1.0-8",NA,NA,NA,NA,"testthat (>= 3.0.0)",NA,"GPL-2",NA,NA,NA,NA,"no","4.2.2"
"brio","C:/Users/jub29yk/R/R-4.2.1/library","1.1.3",NA,NA,NA,NA,"covr, testthat (>= 2.1.0)",NA,"MIT + file LICENSE",NA,NA,NA,NA,"yes","4.2.2"
"broom","C:/Users/jub29yk/R/R-4.2.1/library","1.0.3",NA,"R (>= 3.1)","backports, dplyr (>= 1.0.0), ellipsis, generics (>= 0.0.2),
glue, purrr, rlang, stringr, tibble (>= 3.0.0), tidyr (>=
1.0.0)",NA,"AER, AUC, bbmle, betareg, biglm, binGroup, boot, btergm (>=
1.10.6), car, carData, caret, cluster, cmprsk, coda, covr, drc,
e1071, emmeans, epiR, ergm (>= 3.10.4), fixest (>= 0.9.0), gam
(>= 1.15), gee, geepack, ggplot2, glmnet, glmnetUtils, gmm,
Hmisc, irlba, interp, joineRML, Kendall, knitr, ks, Lahman,
lavaan, leaps, lfe, lm.beta, lme4, lmodel2, lmtest (>= 0.9.38),
lsmeans, maps, maptools, margins, MASS, mclust, mediation,
metafor, mfx, mgcv, mlogit, modeldata, modeltests, muhaz,
multcomp, network, nnet, orcutt (>= 2.2), ordinal, plm, poLCA,
psych, quantreg, rgeos, rmarkdown, robust, robustbase, rsample,
sandwich, sp, spdep (>= 1.1), spatialreg, speedglm, spelling,
survey, survival, systemfit, testthat (>= 2.1.0), tseries,
vars, zoo",NA,"MIT + file LICENSE",NA,NA,NA,NA,"no","4.2.2"
"bslib","C:/Users/jub29yk/R/R-4.2.1/library","0.4.2",NA,"R (>= 2.10)","grDevices, htmltools (>= 0.5.4), jsonlite, sass (>= 0.4.0),
jquerylib (>= 0.1.3), rlang, cachem, memoise (>= 2.0.1),
base64enc, mime",NA,"shiny (>= 1.6.0), rmarkdown (>= 2.7), thematic, knitr,
testthat, withr, rappdirs, curl, magrittr, fontawesome, bsicons",NA,"MIT + file LICENSE",NA,NA,NA,NA,"no","4.2.2"
"cachem","C:/Users/jub29yk/R/R-4.2.1/library","1.0.6",NA,NA,"rlang, fastmap",NA,"testthat",NA,"MIT + file LICENSE",NA,NA,NA,NA,"yes","4.2.2"
"callr","C:/Users/jub29yk/R/R-4.2.1/library","3.7.3",NA,"R (>= 3.4)","processx (>= 3.6.1), R6, utils",NA,"asciicast, cli (>= 1.1.0), covr, mockery, ps, rprojroot,
spelling, testthat (>= 3.0.0), withr (>= 2.3.0)",NA,"MIT + file LICENSE",NA,NA,NA,NA,"no","4.2.2"
"car","C:/Users/jub29yk/R/R-4.2.1/library","3.1-1",NA,"R (>= 3.5.0), carData (>= 3.0-0)","abind, MASS, mgcv, nnet, pbkrtest (>= 0.4-4), quantreg,
grDevices, utils, stats, graphics, lme4 (>= 1.1-27.1), nlme,
scales",NA,"alr4, boot, coxme, effects, knitr, leaps, lmtest, Matrix,
MatrixModels, mvtnorm, rgl (>= 0.93.960), rio, sandwich,
SparseM, survival, survey",NA,"GPL (>= 2)",NA,NA,NA,NA,"no","4.2.2"
"carData","C:/Users/jub29yk/R/R-4.2.1/library","3.0-5",NA,"R (>= 3.5.0)",NA,NA,"car (>= 3.0-0)",NA,"GPL (>= 2)",NA,NA,NA,NA,"no","4.2.2"
"caTools","C:/Users/jub29yk/R/R-4.2.1/library","1.18.2",NA,"R (>= 3.6.0)","bitops",NA,"MASS, rpart",NA,"GPL-3",NA,NA,NA,NA,"yes","4.2.2"
"cellranger","C:/Users/jub29yk/R/R-4.2.1/library","1.1.0",NA,"R (>= 3.0.0)","rematch, tibble",NA,"covr, testthat (>= 1.0.0), knitr, rmarkdown",NA,"MIT + file LICENSE",NA,NA,NA,NA,"no","4.2.2"
"checkmate","C:/Users/jub29yk/R/R-4.2.1/library","2.1.0",NA,"R (>= 3.0.0)","backports (>= 1.1.0), utils",NA,"R6, fastmatch, data.table (>= 1.9.8), devtools, ggplot2,
knitr, magrittr, microbenchmark, rmarkdown, testthat (>=
3.0.4), tinytest (>= 1.1.0), tibble",NA,"BSD_3_clause + file LICENSE",NA,NA,NA,NA,"yes","4.2.2"
"circlize","C:/Users/jub29yk/R/R-4.2.1/library","0.4.15",NA,"R (>= 3.0.0), graphics","GlobalOptions (>= 0.1.2), shape, grDevices, utils, stats,
colorspace, methods, grid",NA,"knitr, dendextend (>= 1.0.1), ComplexHeatmap (>= 2.0.0),
gridBase, png, markdown, bezier, covr, rmarkdown",NA,"MIT + file LICENSE",NA,NA,NA,NA,"no","4.2.2"
"class","C:/Users/jub29yk/R/R-4.2.1/library","7.3-20","recommended","R (>= 3.0.0), stats, utils","MASS",NA,NA,NA,"GPL-2 | GPL-3",NA,NA,NA,NA,"yes","4.2.1"
"cli","C:/Users/jub29yk/R/R-4.2.1/library","3.6.0",NA,"R (>= 3.4)","utils",NA,"callr, covr, crayon, digest, glue (>= 1.6.0), grDevices,
htmltools, htmlwidgets, knitr, methods, mockery, processx, ps
(>= 1.3.4.9000), rlang (>= 1.0.2.9003), rmarkdown, rprojroot,
rstudioapi, testthat, tibble, whoami, withr",NA,"MIT + file LICENSE",NA,NA,NA,NA,"yes","4.2.2"
"clipr","C:/Users/jub29yk/R/R-4.2.1/library","0.8.0",NA,NA,"utils",NA,"covr, knitr, rmarkdown, rstudioapi (>= 0.5), testthat (>=
2.0.0)",NA,"GPL-3",NA,NA,NA,NA,"no","4.2.2"
"clisymbols","C:/Users/jub29yk/R/R-4.2.1/library","1.2.0",NA,NA,NA,NA,"testthat",NA,"MIT + file LICENSE",NA,NA,NA,NA,"no","4.2.2"
"cluster","C:/Users/jub29yk/R/R-4.2.1/library","2.1.3","recommended","R (>= 3.5.0)","graphics, grDevices, stats, utils",NA,"MASS, Matrix",NA,"GPL (>= 2)",NA,NA,NA,NA,"yes","4.2.1"
"coda","C:/Users/jub29yk/R/R-4.2.1/library","0.19-4",NA,"R (>= 2.14.0)","lattice",NA,NA,NA,"GPL (>= 2)",NA,NA,NA,NA,"no","4.2.2"
"codetools","C:/Users/jub29yk/R/R-4.2.1/library","0.2-18","recommended","R (>= 2.1)",NA,NA,NA,NA,"GPL",NA,NA,NA,NA,"no","4.2.1"
"colorspace","C:/Users/jub29yk/R/R-4.2.1/library","2.1-0",NA,"R (>= 3.0.0), methods","graphics, grDevices, stats",NA,"datasets, utils, KernSmooth, MASS, kernlab, mvtnorm, vcd,
tcltk, shiny, shinyjs, ggplot2, dplyr, scales, grid, png, jpeg,
knitr, rmarkdown, RColorBrewer, rcartocolor, scico, viridis,
wesanderson",NA,"BSD_3_clause + file LICENSE",NA,NA,NA,NA,"yes","4.2.2"
"commonmark","C:/Users/jub29yk/R/R-4.2.1/library","1.8.1",NA,NA,NA,NA,"curl, testthat, xml2",NA,"BSD_2_clause + file LICENSE",NA,NA,NA,NA,"yes","4.2.2"
"compiler","C:/Users/jub29yk/R/R-4.2.1/library","4.2.1","base",NA,NA,NA,NA,NA,"Part of R 4.2.1",NA,NA,NA,NA,NA,"4.2.1"
"covr","C:/Users/jub29yk/R/R-4.2.1/library","3.6.1",NA,"R (>= 3.1.0), methods","digest, stats, utils, jsonlite, rex, httr, crayon, withr (>=
1.0.2), yaml",NA,"R6, curl, knitr, rmarkdown, htmltools, DT (>= 0.2), testthat,
rlang, rstudioapi (>= 0.2), xml2 (>= 1.0.0), parallel, memoise,
mockery, covr",NA,"MIT + file LICENSE",NA,NA,NA,NA,"yes","4.2.2"
"cpp11","C:/Users/jub29yk/R/R-4.2.1/library","0.4.3",NA,NA,NA,NA,"bench, brio, callr, cli, covr, decor, desc, ggplot2, glue,
knitr, lobstr, mockery, progress, rmarkdown, scales, Rcpp,
testthat, tibble, utils, vctrs, withr",NA,"MIT + file LICENSE",NA,NA,NA,NA,"no","4.2.2"
"crayon","C:/Users/jub29yk/R/R-4.2.1/library","1.5.2",NA,NA,"grDevices, methods, utils",NA,"mockery, rstudioapi, testthat, withr",NA,"MIT + file LICENSE",NA,NA,NA,NA,"no","4.2.2"
"credentials","C:/Users/jub29yk/R/R-4.2.1/library","1.3.2",NA,NA,"openssl (>= 1.3), sys (>= 2.1), curl, jsonlite, askpass",NA,"testthat, knitr, rmarkdown",NA,"MIT + file LICENSE",NA,NA,NA,NA,"no","4.2.2"
"crosstalk","C:/Users/jub29yk/R/R-4.2.1/library","1.2.0",NA,NA,"htmltools (>= 0.3.6), jsonlite, lazyeval, R6",NA,"shiny, ggplot2, testthat (>= 2.1.0), sass, bslib",NA,"MIT + file LICENSE",NA,NA,NA,NA,"no","4.2.2"
"curl","C:/Users/jub29yk/R/R-4.2.1/library","5.0.0",NA,"R (>= 3.0.0)",NA,NA,"spelling, testthat (>= 1.0.0), knitr, jsonlite, rmarkdown,
magrittr, httpuv (>= 1.4.4), webutils",NA,"MIT + file LICENSE",NA,NA,NA,NA,"yes","4.2.2"
"cyclocomp","C:/Users/jub29yk/R/R-4.2.1/library","1.1.0",NA,NA,"callr, crayon, desc, remotes, withr",NA,"testthat",NA,"MIT + file LICENSE",NA,NA,NA,NA,"no","4.2.2"
"data.table","C:/Users/jub29yk/R/R-4.2.1/library","1.14.6",NA,"R (>= 3.1.0)","methods",NA,"bit64 (>= 4.0.0), bit (>= 4.0.4), curl, R.utils, xts,
nanotime, zoo (>= 1.8-1), yaml, knitr, rmarkdown",NA,"MPL-2.0 | file LICENSE",NA,NA,NA,NA,"yes","4.2.2"
"datasets","C:/Users/jub29yk/R/R-4.2.1/library","4.2.1","base",NA,NA,NA,NA,NA,"Part of R 4.2.1",NA,NA,NA,NA,NA,"4.2.1"
"DBI","C:/Users/jub29yk/R/R-4.2.1/library","1.1.3",NA,"methods, R (>= 3.0.0)",NA,NA,"blob, covr, DBItest, dbplyr, downlit, dplyr, glue, hms,
knitr, magrittr, RMariaDB, rmarkdown, rprojroot, RSQLite (>=
1.1-2), testthat, xml2",NA,"LGPL (>= 2.1)",NA,NA,NA,NA,"no","4.2.2"
"dbplyr","C:/Users/jub29yk/R/R-4.2.1/library","2.3.0",NA,"R (>= 3.1)","assertthat (>= 0.2.0), blob (>= 1.2.0), cli (>= 3.4.1), DBI
(>= 1.0.0), dplyr (>= 1.0.10), glue (>= 1.2.0), lifecycle (>=
1.0.3), magrittr, methods, pillar (>= 1.5.0), purrr (>= 1.0.1),
R6 (>= 2.2.2), rlang (>= 1.0.6), tibble (>= 1.4.2), tidyselect
(>= 1.2.0), utils, vctrs (>= 0.5.0), withr",NA,"bit64, covr, knitr, Lahman, nycflights13, odbc, RMariaDB (>=
1.0.2), rmarkdown, RPostgres (>= 1.1.3), RPostgreSQL, RSQLite
(>= 2.1.0), testthat (>= 3.0.2), tidyr (>= 1.2.0)",NA,"MIT + file LICENSE",NA,NA,NA,NA,"no","4.2.2"
"DelayedArray","C:/Users/jub29yk/R/R-4.2.1/library","0.23.2",NA,"R (>= 4.0.0), methods, stats4, Matrix, BiocGenerics (>=
0.43.4), MatrixGenerics (>= 1.1.3), S4Vectors (>= 0.27.2),
IRanges (>= 2.17.3)","stats","S4Vectors","BiocParallel, HDF5Array (>= 1.17.12), genefilter,
SummarizedExperiment, airway, lobstr, DelayedMatrixStats,
knitr, rmarkdown, BiocStyle, RUnit",NA,"Artistic-2.0",NA,NA,NA,NA,"yes","4.2.1"
"deldir","C:/Users/jub29yk/R/R-4.2.1/library","1.0-6",NA,"R (>= 3.5.0)","graphics, grDevices",NA,"polyclip",NA,"GPL (>= 2)",NA,NA,NA,NA,"yes","4.2.1"
"DEoptimR","C:/Users/jub29yk/R/R-4.2.1/library","1.0-11",NA,NA,"stats",NA,NA,"robustbase","GPL (>= 2)",NA,NA,NA,NA,"no","4.2.0"
"desc","C:/Users/jub29yk/R/R-4.2.1/library","1.4.2",NA,"R (>= 3.4)","cli, R6, rprojroot, utils",NA,"callr, covr, gh, spelling, testthat, whoami, withr",NA,"MIT + file LICENSE",NA,NA,NA,NA,"no","4.2.2"
"devtools","C:/Users/jub29yk/R/R-4.2.1/library","2.4.5",NA,"R (>= 3.0.2), usethis (>= 2.1.6)","cli (>= 3.3.0), desc (>= 1.4.1), ellipsis (>= 0.3.2), fs (>=
1.5.2), lifecycle (>= 1.0.1), memoise (>= 2.0.1), miniUI (>=
0.1.1.1), pkgbuild (>= 1.3.1), pkgdown (>= 2.0.6), pkgload (>=
1.3.0), profvis (>= 0.3.7), rcmdcheck (>= 1.4.0), remotes (>=
2.4.2), rlang (>= 1.0.4), roxygen2 (>= 7.2.1), rversions (>=
2.1.1), sessioninfo (>= 1.2.2), stats, testthat (>= 3.1.5),
tools, urlchecker (>= 1.0.1), utils, withr (>= 2.5.0)",NA,"BiocManager (>= 1.30.18), callr (>= 3.7.1), covr (>= 3.5.1),
curl (>= 4.3.2), digest (>= 0.6.29), DT (>= 0.23), foghorn (>=
1.4.2), gh (>= 1.3.0), gmailr (>= 1.0.1), httr (>= 1.4.3),
knitr (>= 1.39), lintr (>= 3.0.0), MASS, mockery (>= 0.4.3),
pingr (>= 2.0.1), rhub (>= 1.1.1), rmarkdown (>= 2.14),
rstudioapi (>= 0.13), spelling (>= 2.2)",NA,"MIT + file LICENSE",NA,NA,NA,NA,"no","4.2.2"
"diffobj","C:/Users/jub29yk/R/R-4.2.1/library","0.3.5",NA,"R (>= 3.1.0)","crayon (>= 1.3.2), tools, methods, utils, stats",NA,"knitr, rmarkdown",NA,"GPL-2 | GPL-3",NA,NA,NA,NA,"yes","4.2.2"
"digest","C:/Users/jub29yk/R/R-4.2.1/library","0.6.31",NA,"R (>= 3.3.0)","utils",NA,"tinytest, simplermarkdown",NA,"GPL (>= 2)",NA,NA,NA,NA,"yes","4.2.2"
"DIMAR","C:/Users/jub29yk/R/R-4.2.1/library","0.4.14",NA,NA,"stats, graphics, utils, foreach, R.utils,
SummarizedExperiment, doParallel, matrixStats, R.matlab, amap,
mice , norm, Amelia, Hmisc, imputeLCMD, missForest, softImpute,
VIM, rrcovNA, missMDA, mi, DMwR, GMSimpute, pcaMethods, impute,
imputation, ggplot2, ggridges, RColorBrewer, openxlsx, forcats",NA,"knitr, BiocStyle, rmarkdown",NA,"GPL-3",NA,NA,NA,NA,"no","4.2.1"
"distro","C:/Users/jub29yk/R/R-4.2.1/library","0.1.0",NA,NA,NA,NA,"testthat (>= 2.1.0)",NA,"Apache License (>= 2.0)",NA,NA,NA,NA,"no","4.2.3"
"DMwR","C:/Users/jub29yk/R/R-4.2.1/library","0.4.1",NA,"R(>= 2.10), methods, graphics, lattice (>= 0.18-3), grid (>=
2.10.1)","xts (>= 0.6-7), quantmod (>= 0.3-8), zoo (>= 1.6-4), abind (>=
1.1-0), rpart (>= 3.1-46), class (>= 7.3-1), ROCR (>= 1.0)",NA,NA,NA,"GPL (>= 2)",NA,NA,NA,NA,"no","4.2.1"
"doParallel","C:/Users/jub29yk/R/R-4.2.1/library","1.0.17",NA,"R (>= 2.14.0), foreach (>= 1.2.0), iterators (>= 1.0.0),
parallel, utils",NA,NA,"caret, mlbench, rpart, RUnit","compiler","GPL-2",NA,NA,NA,NA,"no","4.2.2"
"doRNG","C:/Users/jub29yk/R/R-4.2.1/library","1.8.6",NA,"R (>= 3.0.0), foreach, rngtools (>= 1.5)","stats, utils, iterators",NA,"doParallel, doMPI, doRedis, rbenchmark, devtools, knitr,
rbibutils (>= 1.3), testthat, pkgmaker (>= 0.32.7), covr",NA,"GPL (>= 2)",NA,NA,NA,NA,"no","4.2.2"
"downlit","C:/Users/jub29yk/R/R-4.2.1/library","0.4.2",NA,"R (>= 3.4.0)","brio, desc, digest, evaluate, fansi, memoise, rlang, vctrs,
withr, yaml",NA,"covr, htmltools, jsonlite, MASS, MassSpecWavelet, pkgload,
rmarkdown, testthat (>= 3.0.0), xml2",NA,"MIT + file LICENSE",NA,NA,NA,NA,"no","4.2.2"
"dplyr","C:/Users/jub29yk/R/R-4.2.1/library","1.1.0",NA,"R (>= 3.4.0)","cli (>= 3.4.0), generics, glue (>= 1.3.2), lifecycle (>=
1.0.3), magrittr (>= 1.5), methods, pillar (>= 1.5.1), R6,
rlang (>= 1.0.6), tibble (>= 2.1.3), tidyselect (>= 1.2.0),
utils, vctrs (>= 0.5.2)",NA,"bench, broom, callr, covr, DBI, dbplyr (>= 2.2.1), ggplot2,
knitr, Lahman, lobstr, microbenchmark, nycflights13, purrr,
rmarkdown, RMySQL, RPostgreSQL, RSQLite, stringi (>= 1.7.6),
testthat (>= 3.1.5), tidyr (>= 1.3.0), withr",NA,"MIT + file LICENSE",NA,NA,NA,NA,"yes","4.2.2"
"DT","C:/Users/jub29yk/R/R-4.2.1/library","0.27",NA,NA,"htmltools (>= 0.3.6), htmlwidgets (>= 1.3), jsonlite (>=
0.9.16), magrittr, crosstalk, jquerylib, promises",NA,"knitr (>= 1.8), rmarkdown, shiny (>= 1.6), bslib, future,
testit, tibble",NA,"GPL-3 | file LICENSE",NA,NA,NA,NA,"no","4.2.2"
"dtplyr","C:/Users/jub29yk/R/R-4.2.1/library","1.2.2",NA,"R (>= 3.3)","crayon, data.table (>= 1.13.0), dplyr (>= 1.0.3), ellipsis,
glue, lifecycle, rlang, tibble, tidyselect, vctrs",NA,"bench, covr, knitr, rmarkdown, testthat (>= 3.0.0), tidyr (>=
1.1.0)",NA,"MIT + file LICENSE",NA,NA,NA,NA,"no","4.2.2"
"e1071","C:/Users/jub29yk/R/R-4.2.1/library","1.7-12",NA,NA,"graphics, grDevices, class, stats, methods, utils, proxy",NA,"cluster, mlbench, nnet, randomForest, rpart, SparseM, xtable,
Matrix, MASS, slam",NA,"GPL-2 | GPL-3",NA,NA,NA,NA,"yes","4.2.2"
"ellipse","C:/Users/jub29yk/R/R-4.2.1/library","0.4.3",NA,"R (>= 2.0.0),graphics,stats",NA,NA,"MASS",NA,"GPL (>= 2)",NA,NA,NA,NA,"no","4.2.2"
"ellipsis","C:/Users/jub29yk/R/R-4.2.1/library","0.3.2",NA,"R (>= 3.2)","rlang (>= 0.3.0)",NA,"covr, testthat",NA,"MIT + file LICENSE",NA,NA,NA,NA,"yes","4.2.2"
"emmeans","C:/Users/jub29yk/R/R-4.2.1/library","1.8.4-1",NA,"R (>= 4.1.0)","estimability (>= 1.4.1), graphics, methods, numDeriv, stats,
utils, mvtnorm",NA,"bayesplot, bayestestR, biglm, brms, car, coda (>= 0.17),
ggplot2, lattice, logspline, mediation, mgcv, multcomp,
multcompView, nlme, ordinal (>= 2014.11-12), pbkrtest (>=
0.4-1), lme4, lmerTest (>= 2.0.32), MASS, MuMIn, rsm, knitr,
rmarkdown, sandwich, scales, splines, testthat, xtable (>=
1.8-2)","CARBayes, coxme, gee, geepack, MCMCglmm, MCMCpack, mice,
nnet, pscl, rstanarm, sommer, survival","GPL-2 | GPL-3",NA,NA,NA,NA,"no","4.2.2"
"estimability","C:/Users/jub29yk/R/R-4.2.1/library","1.4.1",NA,"stats",NA,NA,NA,NA,"GPL (>= 3)",NA,NA,NA,NA,"no","4.2.1"
"evaluate","C:/Users/jub29yk/R/R-4.2.1/library","0.20",NA,"R (>= 3.0.2)","methods",NA,"covr, ggplot2, lattice, testthat",NA,"MIT + file LICENSE",NA,NA,NA,NA,"no","4.2.2"
"FactoMineR","C:/Users/jub29yk/R/R-4.2.1/library","2.7",NA,"R (>= 4.0)","car,cluster,DT,ellipse,emmeans,flashClust,graphics,grDevices,lattice,leaps,MASS,multcompView,scatterplot3d,stats,utils,ggplot2,ggrepel",NA,"missMDA,knitr,Factoshiny,markdown",NA,"GPL (>= 2)",NA,NA,NA,NA,"yes","4.2.2"
"fansi","C:/Users/jub29yk/R/R-4.2.1/library","1.0.4",NA,"R (>= 3.1.0)","grDevices, utils",NA,"unitizer, knitr, rmarkdown",NA,"GPL-2 | GPL-3",NA,NA,NA,NA,"yes","4.2.2"
"farver","C:/Users/jub29yk/R/R-4.2.1/library","2.1.1",NA,NA,NA,NA,"covr, testthat (>= 3.0.0)",NA,"MIT + file LICENSE",NA,NA,NA,NA,"yes","4.2.2"
"fastmap","C:/Users/jub29yk/R/R-4.2.1/library","1.1.0",NA,NA,NA,NA,"testthat (>= 2.1.1)",NA,"MIT + file LICENSE",NA,NA,NA,NA,"yes","4.2.2"
"feather","C:/Users/jub29yk/R/R-4.2.1/library","0.3.5",NA,NA,"Rcpp, tibble (>= 2.0.0), hms","Rcpp","testthat",NA,"Apache License 2.0",NA,NA,NA,NA,"yes","4.2.2"
"filelock","C:/Users/jub29yk/R/R-4.2.1/library","1.0.2",NA,NA,NA,NA,"callr (>= 2.0.0), covr, testthat",NA,"MIT + file LICENSE",NA,NA,NA,NA,"yes","4.2.3"
"flashClust","C:/Users/jub29yk/R/R-4.2.1/library","1.01-2",NA,"R (>= 2.3.0)",NA,NA,NA,NA,"GPL (>= 2)",NA,NA,NA,NA,NA,"4.2.0"
"foghorn","C:/Users/jub29yk/R/R-4.2.1/library","1.5.1",NA,"R (>= 3.1.0)","clisymbols (>= 1.0.0), crayon (>= 1.3.2), curl (>= 2.2), httr2
(>= 0.2.1), rlang (>= 0.4.3), rvest (>= 0.3.2), tibble (>=
1.2), xml2 (>= 1.0.0)",NA,"covr, dplyr, knitr, progress, rmarkdown, testthat",NA,"MIT + file LICENSE",NA,NA,NA,NA,"no","4.2.2"
"fontawesome","C:/Users/jub29yk/R/R-4.2.1/library","0.5.0",NA,"R (>= 3.3.0)","rlang (>= 1.0.6), htmltools (>= 0.5.1.1)",NA,"covr, dplyr (>= 1.0.8), knitr (>= 1.31), testthat (>= 3.0.0),
rsvg",NA,"MIT + file LICENSE",NA,NA,NA,NA,"no","4.2.2"
"forcats","C:/Users/jub29yk/R/R-4.2.1/library","1.0.0",NA,"R (>= 3.4)","cli (>= 3.4.0), glue, lifecycle, magrittr, rlang (>= 1.0.0),
tibble",NA,"covr, dplyr, ggplot2, knitr, readr, rmarkdown, testthat (>=
3.0.0), withr",NA,"MIT + file LICENSE",NA,NA,NA,NA,"no","4.2.2"
"foreach","C:/Users/jub29yk/R/R-4.2.1/library","1.5.2",NA,"R (>= 2.5.0)","codetools, utils, iterators",NA,"randomForest, doMC, doParallel, testthat, knitr, rmarkdown",NA,"Apache License (== 2.0)",NA,NA,NA,NA,"no","4.2.2"
"foreign","C:/Users/jub29yk/R/R-4.2.1/library","0.8-82","recommended","R (>= 4.0.0)","methods, utils, stats",NA,NA,NA,"GPL (>= 2)",NA,NA,NA,NA,"yes","4.2.1"
"formatR","C:/Users/jub29yk/R/R-4.2.1/library","1.14",NA,"R (>= 3.2.3)",NA,NA,"rstudioapi, shiny, testit, rmarkdown, knitr",NA,"GPL",NA,NA,NA,NA,"no","4.2.2"
"Formula","C:/Users/jub29yk/R/R-4.2.1/library","1.2-4",NA,"R (>= 2.0.0), stats",NA,NA,NA,NA,"GPL-2 | GPL-3",NA,NA,NA,NA,"no","4.2.0"
"fs","C:/Users/jub29yk/R/R-4.2.1/library","1.6.0",NA,"R (>= 3.4)","methods",NA,"covr, crayon, knitr, pillar (>= 1.0.0), rmarkdown, spelling,
testthat (>= 3.0.0), tibble (>= 1.1.0), vctrs (>= 0.3.0), withr",NA,"MIT + file LICENSE",NA,NA,NA,NA,"yes","4.2.2"
"futile.logger","C:/Users/jub29yk/R/R-4.2.1/library","1.4.3",NA,"R (>= 3.0.0)","utils, lambda.r (>= 1.1.0), futile.options",NA,"testthat, jsonlite",NA,"LGPL-3",NA,NA,NA,NA,"no","4.2.2"
"futile.options","C:/Users/jub29yk/R/R-4.2.1/library","1.0.1",NA,"R (>= 2.8.0)",NA,NA,NA,NA,"LGPL-3",NA,NA,NA,NA,"no","4.2.0"
"gargle","C:/Users/jub29yk/R/R-4.2.1/library","1.3.0",NA,"R (>= 3.5)","cli (>= 3.0.0), fs (>= 1.3.1), glue (>= 1.3.0), httr (>=
1.4.0), jsonlite, lifecycle, openssl, rappdirs, rlang (>=
1.0.0), rstudioapi, stats, utils, withr",NA,"aws.ec2metadata, aws.signature, covr, httpuv, knitr, mockr,
rmarkdown, sodium, spelling, testthat (>= 3.1.2)",NA,"MIT + file LICENSE",NA,NA,NA,NA,"no","4.2.2"
"generics","C:/Users/jub29yk/R/R-4.2.1/library","0.1.3",NA,"R (>= 3.2)","methods",NA,"covr, pkgload, testthat (>= 3.0.0), tibble, withr",NA,"MIT + file LICENSE",NA,NA,NA,NA,"no","4.2.2"
"GenomeInfoDb","C:/Users/jub29yk/R/R-4.2.1/library","1.34.8",NA,"R (>= 4.0.0), methods, BiocGenerics (>= 0.37.0), S4Vectors (>=
0.25.12), IRanges (>= 2.13.12)","stats, stats4, utils, RCurl, GenomeInfoDbData",NA,"GenomicRanges, Rsamtools, GenomicAlignments, GenomicFeatures,
TxDb.Dmelanogaster.UCSC.dm3.ensGene, BSgenome,
BSgenome.Scerevisiae.UCSC.sacCer2, BSgenome.Celegans.UCSC.ce2,
BSgenome.Hsapiens.NCBI.GRCh38, RUnit, BiocStyle, knitr",NA,"Artistic-2.0",NA,NA,NA,NA,"no","4.2.2"
"GenomeInfoDbData","C:/Users/jub29yk/R/R-4.2.1/library","1.2.9",NA,"R (>= 3.5.0)",NA,NA,NA,NA,"Artistic-2.0",NA,NA,NA,NA,"no","4.2.1"
"GenomicRanges","C:/Users/jub29yk/R/R-4.2.1/library","1.50.2",NA,"R (>= 4.0.0), methods, stats4, BiocGenerics (>= 0.37.0),
S4Vectors (>= 0.27.12), IRanges (>= 2.31.2), GenomeInfoDb (>=
1.15.2)","utils, stats, XVector (>= 0.29.2)","S4Vectors, IRanges","Matrix, Biobase, AnnotationDbi, annotate, Biostrings (>=
2.25.3), SummarizedExperiment (>= 0.1.5), Rsamtools (>=
1.13.53), GenomicAlignments, rtracklayer, BSgenome,
GenomicFeatures, Gviz, VariantAnnotation, AnnotationHub,
DESeq2, DEXSeq, edgeR, KEGGgraph, RNAseqData.HNRNPC.bam.chr14,
pasillaBamSubset, KEGGREST, hgu95av2.db, hgu95av2probe,
BSgenome.Scerevisiae.UCSC.sacCer2, BSgenome.Hsapiens.UCSC.hg19,
BSgenome.Mmusculus.UCSC.mm10,
TxDb.Athaliana.BioMart.plantsmart22,
TxDb.Dmelanogaster.UCSC.dm3.ensGene,
TxDb.Hsapiens.UCSC.hg19.knownGene,
TxDb.Mmusculus.UCSC.mm10.knownGene, RUnit, digest, knitr,
rmarkdown, BiocStyle",NA,"Artistic-2.0",NA,NA,NA,NA,"yes","4.2.2"
"gert","C:/Users/jub29yk/R/R-4.2.1/library","1.9.2",NA,NA,"askpass, credentials (>= 1.2.1), openssl (>= 2.0.3),
rstudioapi (>= 0.11), sys, zip (>= 2.1.0)",NA,"spelling, knitr, rmarkdown, testthat",NA,"MIT + file LICENSE",NA,NA,NA,NA,"yes","4.2.2"
"ggplot2","C:/Users/jub29yk/R/R-4.2.1/library","3.4.0",NA,"R (>= 3.3)","cli, glue, grDevices, grid, gtable (>= 0.1.1), isoband,
lifecycle (> 1.0.1), MASS, mgcv, rlang (>= 1.0.0), scales (>=
1.2.0), stats, tibble, vctrs (>= 0.5.0), withr (>= 2.5.0)",NA,"covr, dplyr, ggplot2movies, hexbin, Hmisc, knitr, lattice,
mapproj, maps, maptools, multcomp, munsell, nlme, profvis,
quantreg, ragg, RColorBrewer, rgeos, rmarkdown, rpart, sf (>=
0.7-3), svglite (>= 1.2.0.9001), testthat (>= 3.1.2), vdiffr
(>= 1.0.0), xml2","sp","MIT + file LICENSE",NA,NA,NA,NA,"no","4.2.2"
"ggrepel","C:/Users/jub29yk/R/R-4.2.1/library","0.9.2",NA,"R (>= 3.0.0), ggplot2 (>= 2.2.0)","grid, Rcpp, rlang (>= 0.3.0), scales (>= 0.5.0)","Rcpp","knitr, rmarkdown, testthat, svglite, vdiffr, gridExtra,
devtools, prettydoc, ggbeeswarm, dplyr, magrittr, readr,
stringr, withr",NA,"GPL-3 | file LICENSE",NA,NA,NA,NA,"yes","4.2.2"
"ggridges","C:/Users/jub29yk/R/R-4.2.1/library","0.5.4",NA,"R (>= 3.2)","ggplot2 (>= 3.0.0), grid (>= 3.0.0), scales (>= 0.4.1), withr
(>= 2.1.1)",NA,"covr, dplyr, patchwork, ggplot2movies, forcats, knitr,
rmarkdown, testthat, vdiffr",NA,"GPL-2 | file LICENSE",NA,NA,NA,NA,"no","4.2.2"
"gh","C:/Users/jub29yk/R/R-4.2.1/library","1.3.1",NA,"R (>= 3.4)","cli (>= 3.0.1), gitcreds, httr (>= 1.2), ini, jsonlite",NA,"covr, knitr, mockery, rmarkdown, rprojroot, spelling,
testthat (>= 3.0.0), withr",NA,"MIT + file LICENSE",NA,NA,NA,NA,"no","4.2.2"
"gitcreds","C:/Users/jub29yk/R/R-4.2.1/library","0.1.2",NA,"R (>= 3.4)",NA,NA,"codetools, covr, knitr, mockery, oskeyring, rmarkdown,
testthat (>= 3.0.0), withr",NA,"MIT + file LICENSE",NA,NA,NA,NA,"no","4.2.2"
"glmnet","C:/Users/jub29yk/R/R-4.2.1/library","4.1-6",NA,"R (>= 3.6.0), Matrix (>= 1.0-6)","methods, utils, foreach, shape, survival, Rcpp","RcppEigen, Rcpp","knitr, lars, testthat, xfun, rmarkdown",NA,"GPL-2",NA,NA,NA,NA,"yes","4.2.2"
"GlobalOptions","C:/Users/jub29yk/R/R-4.2.1/library","0.1.2",NA,"R (>= 3.3.0), methods","utils",NA,"testthat (>= 1.0.0), knitr, markdown, GetoptLong",NA,"MIT + file LICENSE",NA,NA,NA,NA,"no","4.2.2"
"glue","C:/Users/jub29yk/R/R-4.2.1/library","1.6.2",NA,"R (>= 3.4)","methods",NA,"covr, crayon, DBI, dplyr, forcats, ggplot2, knitr, magrittr,
microbenchmark, R.utils, rmarkdown, rprintf, RSQLite, stringr,
testthat (>= 3.0.0), vctrs (>= 0.3.0), waldo (>= 0.3.0), withr",NA,"MIT + file LICENSE",NA,NA,NA,NA,"yes","4.2.2"
"gmailr","C:/Users/jub29yk/R/R-4.2.1/library","1.0.1",NA,"R (>= 3.0.0)","base64enc, crayon, gargle, httr, jsonlite, lifecycle,
magrittr, mime, rematch2",NA,"covr, knitr, methods, rmarkdown, sodium, testthat",NA,"MIT + file LICENSE",NA,NA,NA,NA,"no","4.2.2"
"gmm","C:/Users/jub29yk/R/R-4.2.1/library","1.7",NA,"R (>= 2.10.0), sandwich","stats, methods, grDevices, graphics",NA,"knitr, mvtnorm, car, stabledist, MASS, timeDate, timeSeries",NA,"GPL (>= 2)",NA,NA,NA,NA,"yes","4.2.2"
"gmp","C:/Users/jub29yk/R/R-4.2.1/library","0.6-10",NA,"R (>= 3.5.0)","methods",NA,"Rmpfr, MASS, round",NA,"GPL (>= 2)",NA,NA,NA,NA,"yes","4.2.2"
"GMSimpute","C:/Users/jub29yk/R/R-4.2.1/library","0.0.1.0",NA,"R (>= 3.5.0)","utils, glmnet, ggplot2, reshape2",NA,NA,NA,"GPL (>= 2)",NA,NA,NA,NA,"no","4.2.2"
"googledrive","C:/Users/jub29yk/R/R-4.2.1/library","2.0.0",NA,"R (>= 3.3)","cli (>= 3.0.0), gargle (>= 1.2.0), glue (>= 1.4.2), httr,
jsonlite, lifecycle, magrittr, pillar, purrr (>= 0.2.3), rlang
(>= 0.4.9), tibble (>= 2.0.0), utils, uuid, vctrs (>= 0.3.0),
withr",NA,"covr, curl, downlit, dplyr (>= 1.0.0), knitr, mockr,
rmarkdown, roxygen2, sodium, spelling, testthat (>= 3.0.0)",NA,"MIT + file LICENSE",NA,NA,NA,NA,"no","4.2.2"
"googlesheets4","C:/Users/jub29yk/R/R-4.2.1/library","1.0.1",NA,"R (>= 3.4)","cellranger, cli (>= 3.0.0), curl, gargle (>= 1.2.0), glue (>=
1.3.0), googledrive (>= 2.0.0), httr, ids, magrittr, methods,
purrr, rematch2, rlang (>= 1.0.2), tibble (>= 2.1.1), utils,
vctrs (>= 0.2.3)",NA,"covr, readr, rmarkdown, sodium, spelling, testthat (>=
3.1.3), withr",NA,"MIT + file LICENSE",NA,NA,NA,NA,"no","4.2.2"
"gplots","C:/Users/jub29yk/R/R-4.2.1/library","3.1.3",NA,"R (>= 3.0)","gtools, stats, caTools, KernSmooth, methods",NA,"grid, MASS, knitr, r2d2",NA,"GPL-2",NA,NA,NA,NA,"no","4.2.2"
"graphics","C:/Users/jub29yk/R/R-4.2.1/library","4.2.1","base",NA,"grDevices",NA,NA,NA,"Part of R 4.2.1",NA,NA,NA,NA,"yes","4.2.1"
"grDevices","C:/Users/jub29yk/R/R-4.2.1/library","4.2.1","base",NA,NA,NA,"KernSmooth",NA,"Part of R 4.2.1",NA,NA,NA,NA,"yes","4.2.1"
"grid","C:/Users/jub29yk/R/R-4.2.1/library","4.2.1","base",NA,"grDevices, utils",NA,NA,NA,"Part of R 4.2.1",NA,NA,NA,NA,"yes","4.2.1"
"gridExtra","C:/Users/jub29yk/R/R-4.2.1/library","2.3",NA,NA,"gtable, grid, grDevices, graphics, utils",NA,"ggplot2, egg, lattice, knitr, testthat",NA,"GPL (>= 2)",NA,NA,NA,NA,"no","4.2.2"
"gtable","C:/Users/jub29yk/R/R-4.2.1/library","0.3.1",NA,"R (>= 3.0)","grid",NA,"covr, testthat, knitr, rmarkdown, ggplot2, profvis",NA,"MIT + file LICENSE",NA,NA,NA,NA,"no","4.2.2"
"gtools","C:/Users/jub29yk/R/R-4.2.1/library","3.9.4",NA,"methods, stats, utils",NA,NA,"car, gplots, knitr, rstudioapi, SGP, taxize",NA,"GPL-2",NA,NA,NA,NA,"yes","4.2.2"
"haven","C:/Users/jub29yk/R/R-4.2.1/library","2.5.1",NA,"R (>= 3.4)","cli (>= 3.0.0), forcats (>= 0.2.0), hms, lifecycle, methods,
readr (>= 0.1.0), rlang (>= 0.4.0), tibble, tidyselect, vctrs
(>= 0.3.0)","cpp11","covr, crayon, fs, knitr, pillar (>= 1.4.0), rmarkdown,
testthat (>= 3.0.0)",NA,"MIT + file LICENSE",NA,NA,NA,NA,"yes","4.2.2"
"highr","C:/Users/jub29yk/R/R-4.2.1/library","0.10",NA,"R (>= 3.3.0)","xfun (>= 0.18)",NA,"knitr, markdown, testit",NA,"GPL",NA,NA,NA,NA,"no","4.2.2"
"Hmisc","C:/Users/jub29yk/R/R-4.2.1/library","4.7-2",NA,"lattice, survival (>= 3.1-6), Formula, ggplot2 (>= 2.2)","methods, latticeExtra, cluster, rpart, nnet, foreign, gtable,
grid, gridExtra, data.table, htmlTable (>= 1.11.0), viridis,
htmltools, base64enc",NA,"acepack, chron, rms, mice, rstudioapi, tables, knitr, plotly
(>= 4.5.6), rlang, plyr, VGAM",NA,"GPL (>= 2)",NA,NA,NA,NA,"yes","4.2.2"
"hms","C:/Users/jub29yk/R/R-4.2.1/library","1.1.2",NA,NA,"ellipsis (>= 0.3.2), lifecycle, methods, pkgconfig, rlang,
vctrs (>= 0.3.8)",NA,"crayon, lubridate, pillar (>= 1.1.0), testthat (>= 3.0.0)",NA,"MIT + file LICENSE",NA,NA,NA,NA,"no","4.2.2"
"htmlTable","C:/Users/jub29yk/R/R-4.2.1/library","2.4.1",NA,NA,"stringr, knitr (>= 1.6), magrittr (>= 1.5), methods,
checkmate, htmlwidgets, htmltools, rstudioapi (>= 0.6)",NA,"testthat, XML, xml2, Hmisc, reshape, rmarkdown, chron,
lubridate, tibble, purrr, tidyselect, glue, rlang, tidyr (>=
0.7.2), dplyr (>= 0.7.4)",NA,"GPL (>= 3)",NA,NA,NA,NA,"no","4.2.2"
"htmltools","C:/Users/jub29yk/R/R-4.2.1/library","0.5.4",NA,"R (>= 2.14.1)","utils, digest, grDevices, base64enc, rlang (>= 0.4.10),
fastmap (>= 1.1.0), ellipsis",NA,"markdown, testthat, withr, Cairo, ragg, shiny","knitr","GPL (>= 2)",NA,NA,NA,NA,"yes","4.2.2"
"htmlwidgets","C:/Users/jub29yk/R/R-4.2.1/library","1.6.1",NA,NA,"grDevices, htmltools (>= 0.5.4), jsonlite (>= 0.9.16), yaml,
knitr (>= 1.8), rmarkdown",NA,"testthat","shiny (>= 1.1)","MIT + file LICENSE",NA,NA,NA,NA,"no","4.2.2"
"httpuv","C:/Users/jub29yk/R/R-4.2.1/library","1.6.8",NA,"R (>= 2.15.1)","Rcpp (>= 1.0.7), utils, R6, promises, later (>= 0.8.0)","Rcpp, later","testthat, callr, curl, websocket",NA,"GPL (>= 2) | file LICENSE",NA,NA,NA,NA,"yes","4.2.2"
"httr","C:/Users/jub29yk/R/R-4.2.1/library","1.4.4",NA,"R (>= 3.2)","curl (>= 3.0.0), jsonlite, mime, openssl (>= 0.8), R6",NA,"covr, httpuv, jpeg, knitr, png, readr, rmarkdown, testthat
(>= 0.8.0), xml2",NA,"MIT + file LICENSE",NA,NA,NA,NA,"no","4.2.2"
"httr2","C:/Users/jub29yk/R/R-4.2.1/library","0.2.2",NA,"R (>= 3.4)","cli (>= 3.0.0), curl, glue, magrittr, openssl, R6, rappdirs,
rlang (>= 1.0.0), withr",NA,"askpass, bench, clipr, covr, docopt, httpuv, jose, jsonlite,
knitr, purrr, rmarkdown, testthat (>= 3.0.0), tibble, webfakes,
xml2",NA,"MIT + file LICENSE",NA,NA,NA,NA,"no","4.2.2"
"hunspell","C:/Users/jub29yk/R/R-4.2.1/library","3.0.2",NA,"R (>= 3.0.2)","Rcpp, digest","Rcpp (>= 0.12.12)","spelling, testthat, pdftools, janeaustenr, wordcloud2, knitr,
stopwords, rmarkdown",NA,"GPL-2 | LGPL-2.1 | MPL-1.1",NA,NA,NA,NA,"yes","4.2.2"
"ids","C:/Users/jub29yk/R/R-4.2.1/library","1.0.1",NA,NA,"openssl, uuid",NA,"knitr, rcorpora, rmarkdown, testthat",NA,"MIT + file LICENSE",NA,NA,NA,NA,"no","4.2.2"
"imputation","C:/Users/jub29yk/R/R-4.2.1/library","1.3",NA,NA,NA,NA,NA,NA,"GPL",NA,NA,NA,NA,NA,"4.2.1"
"impute","C:/Users/jub29yk/R/R-4.2.1/library","1.72.3",NA,"R (>= 2.10)",NA,NA,NA,NA,"GPL-2",NA,NA,NA,NA,"yes","4.2.2"
"imputeLCMD","C:/Users/jub29yk/R/R-4.2.1/library","2.1",NA,"R (>= 2.10), tmvtnorm, norm, pcaMethods, impute",NA,NA,NA,NA,"GPL (>= 2)",NA,NA,NA,NA,"no","4.2.2"
"ini","C:/Users/jub29yk/R/R-4.2.1/library","0.3.1",NA,NA,NA,NA,"testthat",NA,"GPL-3",NA,NA,NA,NA,"no","4.2.2"
"interp","C:/Users/jub29yk/R/R-4.2.1/library","1.1-3",NA,"R (>= 3.5.0)","Rcpp (>= 0.12.9), deldir","Rcpp, RcppEigen","sp, Deriv, Ryacas, ggplot2, gridExtra, lattice, stringi,
stringr","RcppEigen","GPL (>= 2)",NA,NA,NA,NA,"yes","4.2.2"
"IRanges","C:/Users/jub29yk/R/R-4.2.1/library","2.32.0",NA,"R (>= 4.0.0), methods, utils, stats, BiocGenerics (>= 0.39.2),
S4Vectors (>= 0.33.3)","stats4","S4Vectors","XVector, GenomicRanges, Rsamtools, GenomicAlignments,
GenomicFeatures, BSgenome.Celegans.UCSC.ce2, pasillaBamSubset,
RUnit, BiocStyle",NA,"Artistic-2.0",NA,NA,NA,NA,"yes","4.2.1"
"isoband","C:/Users/jub29yk/R/R-4.2.1/library","0.2.7",NA,NA,"grid, utils",NA,"covr, ggplot2, knitr, magick, microbenchmark, rmarkdown, sf,
testthat, xml2",NA,"MIT + file LICENSE",NA,NA,NA,NA,"yes","4.2.2"
"iterators","C:/Users/jub29yk/R/R-4.2.1/library","1.0.14",NA,"R (>= 2.5.0), utils",NA,NA,"RUnit, foreach",NA,"Apache License (== 2.0)",NA,NA,NA,NA,"no","4.2.2"
"itertools","C:/Users/jub29yk/R/R-4.2.1/library","0.1-3",NA,"R (>= 2.14.0), iterators(>= 1.0.0)","parallel",NA,"foreach",NA,"GPL-2",NA,NA,NA,NA,"no","4.2.2"
"jpeg","C:/Users/jub29yk/R/R-4.2.1/library","0.1-10",NA,"R (>= 2.9.0)",NA,NA,NA,NA,"GPL-2 | GPL-3",NA,NA,NA,NA,"yes","4.2.2"
"jquerylib","C:/Users/jub29yk/R/R-4.2.1/library","0.1.4",NA,NA,"htmltools",NA,"testthat",NA,"MIT + file LICENSE",NA,NA,NA,NA,"no","4.2.2"
"jsonlite","C:/Users/jub29yk/R/R-4.2.1/library","1.8.4",NA,"methods",NA,NA,"httr, vctrs, testthat, knitr, rmarkdown, R.rsp, sf",NA,"MIT + file LICENSE",NA,NA,NA,NA,"yes","4.2.2"
"KernSmooth","C:/Users/jub29yk/R/R-4.2.1/library","2.23-20","recommended","R (>= 2.5.0), stats",NA,NA,"MASS, carData",NA,"Unlimited",NA,NA,NA,NA,"yes","4.2.1"
"knitr","C:/Users/jub29yk/R/R-4.2.1/library","1.42",NA,"R (>= 3.3.0)","evaluate (>= 0.15), highr, methods, yaml (>= 2.1.19), xfun (>=
0.34), tools",NA,"markdown (>= 1.3), formatR, testit, digest, rgl (>=
0.95.1201), codetools, rmarkdown, htmlwidgets (>= 0.7),
webshot, tikzDevice (>= 0.10), tinytex, reticulate (>= 1.4),
JuliaCall (>= 0.11.1), magick, png, jpeg, gifski, xml2 (>=
1.2.0), httr, DBI (>= 0.4-1), showtext, tibble, sass, bslib,
ragg, gridSVG, styler (>= 1.2.0), targets (>= 0.6.0)",NA,"GPL",NA,NA,NA,NA,"no","4.2.2"
"labeling","C:/Users/jub29yk/R/R-4.2.1/library","0.4.2",NA,NA,"stats, graphics",NA,NA,NA,"MIT + file LICENSE | Unlimited",NA,NA,NA,NA,"no","4.2.0"
"laeken","C:/Users/jub29yk/R/R-4.2.1/library","0.5.2",NA,"R (>= 3.2.0)","boot, MASS",NA,NA,NA,"GPL (>= 2)",NA,NA,NA,NA,"no","4.2.2"
"lambda.r","C:/Users/jub29yk/R/R-4.2.1/library","1.2.4",NA,"R (>= 3.0.0)","formatR",NA,"testit",NA,"LGPL-3",NA,NA,NA,NA,"no","4.2.2"
"later","C:/Users/jub29yk/R/R-4.2.1/library","1.3.0",NA,NA,"Rcpp (>= 0.12.9), rlang","Rcpp","knitr, rmarkdown, testthat (>= 2.1.0)",NA,"MIT + file LICENSE",NA,NA,NA,NA,"yes","4.2.2"
"lattice","C:/Users/jub29yk/R/R-4.2.1/library","0.20-45","recommended","R (>= 3.0.0)","grid, grDevices, graphics, stats, utils",NA,"KernSmooth, MASS, latticeExtra","chron","GPL (>= 2)",NA,NA,NA,NA,"yes","4.2.1"
"latticeExtra","C:/Users/jub29yk/R/R-4.2.1/library","0.6-30",NA,"R (>= 3.6.0), lattice","grid, stats, utils, grDevices, png, jpeg, RColorBrewer,
interp, MASS",NA,"maps, mapproj, deldir, quantreg, zoo, mgcv",NA,"GPL (>= 2)",NA,NA,NA,NA,"no","4.2.2"
"lazyeval","C:/Users/jub29yk/R/R-4.2.1/library","0.2.2",NA,"R (>= 3.1.0)",NA,NA,"knitr, rmarkdown (>= 0.2.65), testthat, covr",NA,"GPL-3",NA,NA,NA,NA,"yes","4.2.2"
"leaps","C:/Users/jub29yk/R/R-4.2.1/library","3.1",NA,"",NA,NA,"biglm",NA,"GPL (>= 2)",NA,NA,NA,NA,"yes","4.2.2"
"lifecycle","C:/Users/jub29yk/R/R-4.2.1/library","1.0.3",NA,"R (>= 3.4)","cli (>= 3.4.0), glue, rlang (>= 1.0.6)",NA,"covr, crayon, knitr, lintr, rmarkdown, testthat (>= 3.0.1),
tibble, tidyverse, tools, vctrs, withr",NA,"MIT + file LICENSE",NA,NA,NA,NA,"no","4.2.2"
"limma","C:/Users/jub29yk/R/R-4.2.1/library","3.54.1",NA,"R (>= 3.6.0)","grDevices, graphics, stats, utils, methods",NA,"affy, AnnotationDbi, BiasedUrn, Biobase, ellipse, GO.db,
gplots, illuminaio, locfit, MASS, org.Hs.eg.db, splines,
statmod (>= 1.2.2), vsn",NA,"GPL (>=2)",NA,NA,NA,NA,"yes","4.2.2"
"lintr","C:/Users/jub29yk/R/R-4.2.1/library","3.0.2",NA,"R (>= 3.2)","backports, codetools, crayon, cyclocomp, digest, glue,
jsonlite, knitr, rex, stats, utils, xml2 (>= 1.0.0),
xmlparsedata (>= 1.0.5)",NA,"covr, httr (>= 1.2.1), mockery, patrick, pkgdown, rmarkdown,
rstudioapi (>= 0.2), testthat (>= 3.0.0), tibble, withr (>=
2.5.0)",NA,"MIT + file LICENSE",NA,NA,NA,NA,"no","4.2.2"
"lme4","C:/Users/jub29yk/R/R-4.2.1/library","1.1-31",NA,"R (>= 3.5.0), Matrix (>= 1.2-1), methods, stats","graphics, grid, splines, utils, parallel, MASS, lattice, boot,
nlme (>= 3.1-123), minqa (>= 1.1.15), nloptr (>= 1.0.4)","Rcpp (>= 0.10.5), RcppEigen","knitr, rmarkdown, MEMSS, testthat (>= 0.8.1), ggplot2,
mlmRev, optimx (>= 2013.8.6), gamm4, pbkrtest, HSAUR3,
numDeriv, car, dfoptim, mgcv, statmod, rr2, semEff, tibble,
merDeriv",NA,"GPL (>= 2)",NA,NA,NA,NA,"yes","4.2.2"
"lmtest","C:/Users/jub29yk/R/R-4.2.1/library","0.9-40",NA,"R (>= 3.0.0), stats, zoo","graphics",NA,"car, strucchange, sandwich, dynlm, stats4, survival, AER",NA,"GPL-2 | GPL-3",NA,NA,NA,NA,"yes","4.2.2"
"lpSolve","C:/Users/jub29yk/R/R-4.2.1/library","5.6.18",NA,NA,NA,NA,NA,NA,"LGPL-2",NA,NA,NA,NA,"yes","4.2.2"
"lubridate","C:/Users/jub29yk/R/R-4.2.1/library","1.9.1",NA,"methods, R (>= 3.2)","generics, timechange (>= 0.1.1)",NA,"covr, knitr, rmarkdown, testthat (>= 2.1.0), vctrs (>= 0.5.0)","chron, data.table, timeDate, tis, zoo","GPL (>= 2)",NA,NA,NA,NA,"yes","4.2.2"
"magrittr","C:/Users/jub29yk/R/R-4.2.1/library","2.0.3",NA,"R (>= 3.4.0)",NA,NA,"covr, knitr, rlang, rmarkdown, testthat",NA,"MIT + file LICENSE",NA,NA,NA,NA,"yes","4.2.2"
"MASS","C:/Users/jub29yk/R/R-4.2.1/library","7.3-57","recommended","R (>= 3.3.0), grDevices, graphics, stats, utils","methods",NA,"lattice, nlme, nnet, survival",NA,"GPL-2 | GPL-3",NA,NA,NA,NA,"yes","4.2.1"
"Matrix","C:/Users/jub29yk/R/R-4.2.1/library","1.6-1","recommended","R (>= 3.5.0), methods","grDevices, graphics, grid, lattice, stats, utils",NA,"MASS, datasets, sfsmisc","SparseM, graph","GPL (>= 2) | file LICENCE",NA,NA,NA,NA,"yes","4.2.3"
"MatrixGenerics","C:/Users/jub29yk/R/R-4.2.1/library","1.10.0",NA,"matrixStats (>= 0.60.1)","methods",NA,"sparseMatrixStats, DelayedMatrixStats, SummarizedExperiment,
testthat (>= 2.1.0), Matrix",NA,"Artistic-2.0",NA,NA,NA,NA,"no","4.2.1"
"MatrixModels","C:/Users/jub29yk/R/R-4.2.1/library","0.5-1",NA,"R (>= 3.6.0)","stats, methods, Matrix (>= 1.4-2)",NA,NA,NA,"GPL (>= 2)",NA,NA,NA,NA,"no","4.2.2"
"matrixStats","C:/Users/jub29yk/R/R-4.2.1/library","0.63.0",NA,"R (>= 2.12.0)",NA,NA,"base64enc, ggplot2, knitr, markdown, microbenchmark,
R.devices, R.rsp",NA,"Artistic-2.0",NA,NA,NA,NA,"yes","4.2.2"
"memoise","C:/Users/jub29yk/R/R-4.2.1/library","2.0.1",NA,NA,"rlang (>= 0.4.10), cachem",NA,"digest, aws.s3, covr, googleAuthR, googleCloudStorageR, httr,
testthat",NA,"MIT + file LICENSE",NA,NA,NA,NA,"no","4.2.2"
"methods","C:/Users/jub29yk/R/R-4.2.1/library","4.2.1","base",NA,"utils, stats",NA,"codetools",NA,"Part of R 4.2.1",NA,NA,NA,NA,"yes","4.2.1"
"mgcv","C:/Users/jub29yk/R/R-4.2.1/library","1.8-40","recommended","R (>= 3.6.0), nlme (>= 3.1-64)","methods, stats, graphics, Matrix, splines, utils",NA,"parallel, survival, MASS",NA,"GPL (>= 2)",NA,NA,NA,NA,"yes","4.2.1"
"mi","C:/Users/jub29yk/R/R-4.2.1/library","1.1",NA,"R (>= 3.0.0), methods, Matrix, stats4","arm (>= 1.4-11)",NA,"betareg, lattice, knitr, MASS, nnet, parallel, sn, survival,
truncnorm, foreign",NA,"GPL (>= 2)",NA,NA,NA,NA,"no","4.2.2"
"mice","C:/Users/jub29yk/R/R-4.2.1/library","3.15.0",NA,"R (>= 2.10.0)","broom, dplyr, generics, graphics, grDevices, lattice, methods,
Rcpp, rlang, stats, tidyr, utils","cpp11, Rcpp","broom.mixed, decor, future, furrr, glmnet, haven, knitr,
lme4, lmtest, MASS, metafor, mitml, miceadds, nnet, pan,
parallelly, purrr, randomForest, ranger, rmarkdown, rpart,
rstan, survival, testthat",NA,"GPL (>= 2)",NA,NA,NA,NA,"yes","4.2.2"
"mime","C:/Users/jub29yk/R/R-4.2.1/library","0.12",NA,NA,"tools",NA,NA,NA,"GPL",NA,NA,NA,NA,"yes","4.2.0"
"miniUI","C:/Users/jub29yk/R/R-4.2.1/library","0.1.1.1",NA,NA,"shiny (>= 0.13), htmltools (>= 0.3), utils",NA,NA,NA,"GPL-3",NA,NA,NA,NA,"no","4.2.2"
"minqa","C:/Users/jub29yk/R/R-4.2.1/library","1.2.5",NA,NA,"Rcpp (>= 0.9.10)","Rcpp",NA,NA,"GPL-2",NA,NA,NA,NA,"yes","4.2.2"
"missForest","C:/Users/jub29yk/R/R-4.2.1/library","1.5",NA,NA,"randomForest,foreach,itertools,iterators,doRNG",NA,"doParallel",NA,"GPL (>= 2)",NA,NA,NA,NA,"no","4.2.2"
"missMDA","C:/Users/jub29yk/R/R-4.2.1/library","1.18",NA,"R (>= 3.3.0)","FactoMineR (>=
2.3),ggplot2,graphics,grDevices,mice,mvtnorm,stats,utils,doParallel,parallel,foreach",NA,"knitr, markdown",NA,"GPL (>= 2)",NA,NA,NA,NA,"no","4.2.2"
"mockery","C:/Users/jub29yk/R/R-4.2.1/library","0.4.3",NA,NA,"testthat",NA,"knitr, R6, rmarkdown (>= 1.0)",NA,"MIT + file LICENSE",NA,NA,NA,NA,"no","4.2.2"
"modelr","C:/Users/jub29yk/R/R-4.2.1/library","0.1.10",NA,"R (>= 3.2)","broom, magrittr, purrr (>= 0.2.2), rlang (>= 1.0.6), tibble,
tidyr (>= 0.8.0), tidyselect, vctrs",NA,"compiler, covr, ggplot2, testthat (>= 3.0.0)",NA,"GPL-3",NA,NA,NA,NA,"no","4.2.2"
"multcompView","C:/Users/jub29yk/R/R-4.2.1/library","0.1-8",NA,NA,"grid",NA,"multcomp, pgirmess, MASS",NA,"GPL",NA,NA,NA,NA,"no","4.2.2"
"munsell","C:/Users/jub29yk/R/R-4.2.1/library","0.5.0",NA,NA,"colorspace, methods",NA,"ggplot2, testthat",NA,"MIT + file LICENSE",NA,NA,NA,NA,"no","4.2.2"
"mvtnorm","C:/Users/jub29yk/R/R-4.2.1/library","1.1-3",NA,"R(>= 3.5.0)","stats, methods",NA,NA,NA,"GPL-2",NA,NA,NA,NA,"yes","4.2.0"
"nlme","C:/Users/jub29yk/R/R-4.2.1/library","3.1-157","recommended","R (>= 3.5.0)","graphics, stats, utils, lattice",NA,"Hmisc, MASS, SASmixed",NA,"GPL (>= 2)",NA,NA,NA,NA,"yes","4.2.1"
"nloptr","C:/Users/jub29yk/R/R-4.2.1/library","2.0.3",NA,NA,NA,"testthat","knitr, rmarkdown, xml2, testthat (>= 3.0.0), covr",NA,"LGPL (>= 3)",NA,NA,NA,NA,"yes","4.2.2"
"nnet","C:/Users/jub29yk/R/R-4.2.1/library","7.3-17","recommended","R (>= 3.0.0), stats, utils",NA,NA,"MASS",NA,"GPL-2 | GPL-3",NA,NA,NA,NA,"yes","4.2.1"
"norm","C:/Users/jub29yk/R/R-4.2.1/library","1.0-10.0",NA,NA,"stats",NA,NA,NA,"GPL (>= 2)",NA,NA,NA,NA,"yes","4.2.0"
"numDeriv","C:/Users/jub29yk/R/R-4.2.1/library","2016.8-1.1",NA,"R (>= 2.11.1)",NA,NA,NA,NA,"GPL-2",NA,NA,NA,NA,"no","4.2.0"
"openssl","C:/Users/jub29yk/R/R-4.2.1/library","2.0.5",NA,NA,"askpass",NA,"curl, testthat (>= 2.1.0), digest, knitr, rmarkdown,
jsonlite, jose, sodium",NA,"MIT + file LICENSE",NA,NA,NA,NA,"yes","4.2.2"
"openxlsx","C:/Users/jub29yk/R/R-4.2.1/library","4.2.5.1",NA,"R (>= 3.3.0)","grDevices, methods, Rcpp, stats, stringi, utils, zip","Rcpp","knitr, rmarkdown, roxygen2, testthat",NA,"MIT + file LICENSE",NA,NA,NA,NA,"yes","4.2.2"
"pak","C:/Users/jub29yk/R/R-4.2.1/library","0.5.1",NA,"R (>= 3.2)","tools, utils",NA,"callr (>= 3.7.0), cli (>= 3.2.0), covr, curl (>= 4.3.2), desc
(>= 1.4.1), digest, distro, filelock (>= 1.0.2), gitcreds, glue
(>= 1.6.2), mockery, pingr, jsonlite (>= 1.8.0), pkgcache (>=
2.0.4), pkgdepends (>= 0.4.0), pkgsearch (>= 3.1.0),
prettyunits, processx (>= 3.8.1), ps (>= 1.6.0), rprojroot (>=
2.0.2), rstudioapi, testthat, withr",NA,"GPL-3",NA,NA,NA,NA,"no","4.2.3"
"parallel","C:/Users/jub29yk/R/R-4.2.1/library","4.2.1","base",NA,"tools, compiler",NA,"methods","snow, nws, Rmpi","Part of R 4.2.1",NA,NA,NA,NA,"yes","4.2.1"
"parsedate","C:/Users/jub29yk/R/R-4.2.1/library","1.3.1",NA,NA,NA,NA,"covr, testthat, withr",NA,"GPL-2",NA,NA,NA,NA,"yes","4.2.2"
"pbkrtest","C:/Users/jub29yk/R/R-4.2.1/library","0.5.2",NA,"R (>= 4.1.0), lme4 (>= 1.1.31)","broom, dplyr, MASS, Matrix (>= 1.2.3), methods, numDeriv,
parallel",NA,"knitr",NA,"GPL (>= 2)",NA,NA,NA,NA,"no","4.2.2"
"pcaMethods","C:/Users/jub29yk/R/R-4.2.1/library","1.90.0",NA,"Biobase, methods","BiocGenerics, Rcpp (>= 0.11.3), MASS","Rcpp","matrixStats, lattice, ggplot2",NA,"GPL (>= 3)",NA,NA,NA,NA,"yes","4.2.1"
"pcaPP","C:/Users/jub29yk/R/R-4.2.1/library","2.0-3",NA,NA,"mvtnorm, methods",NA,"robustbase",NA,"GPL (>= 3)",NA,NA,NA,NA,"yes","4.2.2"
"pillar","C:/Users/jub29yk/R/R-4.2.1/library","1.8.1",NA,NA,"cli (>= 2.3.0), fansi, glue, lifecycle, rlang (>= 1.0.2), utf8
(>= 1.1.0), utils, vctrs (>= 0.3.8)",NA,"bit64, debugme, DiagrammeR, dplyr, formattable, ggplot2,
knitr, lubridate, nanotime, nycflights13, palmerpenguins,
rmarkdown, scales, stringi, survival, testthat (>= 3.1.1),
tibble, units (>= 0.7.2), vdiffr, withr",NA,"MIT + file LICENSE",NA,NA,NA,NA,"no","4.2.2"
"pingr","C:/Users/jub29yk/R/R-4.2.1/library","2.0.2",NA,NA,"processx, utils",NA,"covr, testthat",NA,"MIT + file LICENSE",NA,NA,NA,NA,"yes","4.2.2"
"pkgbuild","C:/Users/jub29yk/R/R-4.2.1/library","1.4.0",NA,"R (>= 3.4)","callr (>= 3.2.0), cli (>= 3.4.0), crayon, desc, prettyunits,
processx, R6, rprojroot, withr (>= 2.3.0)",NA,"covr, cpp11, knitr, mockery, Rcpp, rmarkdown, testthat (>=
3.0.0)",NA,"MIT + file LICENSE",NA,NA,NA,NA,"no","4.2.2"
"pkgcache","C:/Users/jub29yk/R/R-4.2.1/library","2.1.1",NA,"R (>= 3.4)","callr (>= 2.0.4.9000), cli (>= 3.2.0), curl (>= 3.2),
filelock, jsonlite, prettyunits, processx (>= 3.3.0.9001), R6,
rappdirs, tools, utils",NA,"covr, debugme, desc, fs, mockery, pillar, pingr, rprojroot,
sessioninfo, spelling, testthat (>= 3.0.0), webfakes (>=
1.1.5), withr, zip",NA,"MIT + file LICENSE",NA,NA,NA,NA,"yes","4.2.3"
"pkgconfig","C:/Users/jub29yk/R/R-4.2.1/library","2.0.3",NA,NA,"utils",NA,"covr, testthat, disposables (>= 1.0.3)",NA,"MIT + file LICENSE",NA,NA,NA,NA,"no","4.2.2"
"pkgdepends","C:/Users/jub29yk/R/R-4.2.1/library","0.5.0",NA,"R (>= 3.4)","callr (>= 3.3.1), cli (>= 3.6.0), curl, desc (>= 1.2.0),
filelock (>= 1.0.2), glue, jsonlite, lpSolve, pkgbuild (>=
1.0.2), pkgcache (>= 2.1.0), prettyunits (>= 1.1.1), processx
(>= 3.4.2), ps, R6, rprojroot, stats, utils, withr (>= 2.1.1),
zip (>= 2.3.0)",NA,"asciicast (>= 2.2.0.9000), covr, debugme, fansi, fs,
htmlwidgets, mockery, pak, pingr (>= 2.0.0), rmarkdown,
rstudioapi, spelling, testthat, tibble, webfakes (>=
1.1.5.9000)",NA,"MIT + file LICENSE",NA,NA,NA,NA,"no","4.2.3"
"pkgdown","C:/Users/jub29yk/R/R-4.2.1/library","2.0.7",NA,"R (>= 3.1.0)","bslib (>= 0.3.1), callr (>= 3.7.3), cli, desc, digest, downlit
(>= 0.4.0), fs (>= 1.4.0), httr (>= 1.4.2), jsonlite, magrittr,
memoise, purrr, ragg, rlang (>= 1.0.0), rmarkdown (>=
1.1.9007), tibble, whisker, withr (>= 2.4.3), xml2 (>= 1.3.1),
yaml",NA,"covr, diffviewer, evaluate, htmltools, htmlwidgets, knitr,
lifecycle, methods, openssl, pkgload (>= 1.0.2), rsconnect,
rstudioapi, rticles, sass, testthat (>= 3.1.3), tools",NA,"MIT + file LICENSE",NA,NA,NA,NA,"no","4.2.2"
"pkgload","C:/Users/jub29yk/R/R-4.2.1/library","1.3.2",NA,"R (>= 3.4.0)","cli (>= 3.3.0), crayon, desc, fs, glue, methods, rlang (>=
1.0.3), rprojroot, utils, withr (>= 2.4.3)",NA,"bitops, covr, mathjaxr, mockr, pak, pkgbuild, Rcpp, remotes,
rstudioapi, testthat (>= 3.1.0)",NA,"GPL-3",NA,NA,NA,NA,"no","4.2.2"
"pkgsearch","C:/Users/jub29yk/R/R-4.2.1/library","3.1.2",NA,NA,"curl, jsonlite, parsedate (>= 1.3.0), prettyunits",NA,"mockery, covr, memoise, pillar, pingr (>= 2.0.0), rstudioapi,
shiny, shinyjs, shinyWidgets, testthat (>= 2.1.0), whoami",NA,"MIT + file LICENSE",NA,NA,NA,NA,"no","4.2.3"
"plyr","C:/Users/jub29yk/R/R-4.2.1/library","1.8.8",NA,"R (>= 3.1.0)","Rcpp (>= 0.11.0)","Rcpp","abind, covr, doParallel, foreach, iterators, itertools,
tcltk, testthat",NA,"MIT + file LICENSE",NA,NA,NA,NA,"yes","4.2.2"
"png","C:/Users/jub29yk/R/R-4.2.1/library","0.1-8",NA,"R (>= 2.9.0)",NA,NA,NA,NA,"GPL-2 | GPL-3",NA,NA,NA,NA,"yes","4.2.2"
"praise","C:/Users/jub29yk/R/R-4.2.1/library","1.0.0",NA,NA,NA,NA,"testthat",NA,"MIT + file LICENSE",NA,NA,NA,NA,"no","4.2.2"
"preprocessCore","C:/Users/jub29yk/R/R-4.2.1/library","1.60.2",NA,NA,"stats",NA,NA,NA,"LGPL (>= 2)",NA,NA,NA,NA,"yes","4.2.2"
"prettyunits","C:/Users/jub29yk/R/R-4.2.1/library","1.1.1",NA,NA,NA,NA,"codetools, covr, testthat",NA,"MIT + file LICENSE",NA,NA,NA,NA,"no","4.2.2"
"processx","C:/Users/jub29yk/R/R-4.2.1/library","3.8.1",NA,"R (>= 3.4.0)","ps (>= 1.2.0), R6, utils",NA,"callr (>= 3.7.3), cli (>= 3.3.0), codetools, covr, curl,
debugme, parallel, rlang (>= 1.0.2), testthat (>= 3.0.0),
webfakes, withr",NA,"MIT + file LICENSE",NA,NA,NA,NA,"yes","4.2.3"
"profvis","C:/Users/jub29yk/R/R-4.2.1/library","0.3.7",NA,"R (>= 3.0)","htmlwidgets (>= 0.3.2), stringr",NA,"knitr, ggplot2, rmarkdown, testthat, devtools, shiny,
htmltools",NA,"GPL-3 | file LICENSE",NA,NA,NA,NA,"yes","4.2.2"
"progress","C:/Users/jub29yk/R/R-4.2.1/library","1.2.2",NA,NA,"hms, prettyunits, R6, crayon",NA,"Rcpp, testthat, withr",NA,"MIT + file LICENSE",NA,NA,NA,NA,"no","4.2.2"
"promises","C:/Users/jub29yk/R/R-4.2.1/library","1.2.0.1",NA,NA,"R6, Rcpp, later, rlang, stats, magrittr","later, Rcpp","testthat, future (>= 1.21.0), fastmap (>= 1.1.0), purrr,
knitr, rmarkdown, vembedr, spelling",NA,"MIT + file LICENSE",NA,NA,NA,NA,"yes","4.2.2"
"proxy","C:/Users/jub29yk/R/R-4.2.1/library","0.4-27",NA,"R (>= 3.4.0)","stats, utils",NA,"cba",NA,"GPL-2",NA,NA,NA,NA,"yes","4.2.2"
"ps","C:/Users/jub29yk/R/R-4.2.1/library","1.7.2",NA,"R (>= 3.4)","utils",NA,"callr, covr, curl, pillar, pingr, processx (>= 3.1.0), R6,
rlang, testthat (>= 3.0.0),",NA,"MIT + file LICENSE",NA,NA,NA,NA,"yes","4.2.2"
"purrr","C:/Users/jub29yk/R/R-4.2.1/library","1.0.1",NA,"R (>= 3.4.0)","cli (>= 3.4.0), lifecycle (>= 1.0.3), magrittr (>= 1.5.0),
rlang (>= 0.4.10), vctrs (>= 0.5.0)","cli","covr, dplyr (>= 0.7.8), httr, knitr, lubridate, rmarkdown,
testthat (>= 3.0.0), tibble, tidyselect",NA,"MIT + file LICENSE",NA,NA,NA,NA,"yes","4.2.2"
"quantmod","C:/Users/jub29yk/R/R-4.2.1/library","0.4.20",NA,"R (>= 3.2.0), xts(>= 0.9-0), zoo, TTR(>= 0.2), methods","curl",NA,"DBI,RMySQL,RSQLite,timeSeries,xml2,downloader,jsonlite(>=
1.1)",NA,"GPL-3",NA,NA,NA,NA,"no","4.2.2"
"quantreg","C:/Users/jub29yk/R/R-4.2.1/library","5.94",NA,"R (>= 3.5), stats, SparseM","methods, graphics, Matrix, MatrixModels, survival, MASS",NA,"tripack, interp, rgl, logspline, nor1mix, Formula, zoo,
R.rsp, conquer",NA,"GPL (>= 2)",NA,NA,NA,NA,"yes","4.2.2"
"R.matlab","C:/Users/jub29yk/R/R-4.2.1/library","3.7.0",NA,"R (>= 2.14.0)","methods, utils, R.methodsS3 (>= 1.7.1), R.oo (>= 1.23.0),
R.utils (>= 2.5.0)",NA,"Matrix, SparseM",NA,"LGPL (>= 2.1)",NA,NA,NA,NA,"no","4.2.2"
"R.methodsS3","C:/Users/jub29yk/R/R-4.2.1/library","1.8.2",NA,"R (>= 2.13.0)","utils",NA,"codetools",NA,"LGPL (>= 2.1)",NA,NA,NA,NA,"no","4.2.0"
"R.oo","C:/Users/jub29yk/R/R-4.2.1/library","1.25.0",NA,"R (>= 2.13.0), R.methodsS3 (>= 1.8.1)","methods, utils",NA,"tools",NA,"LGPL (>= 2.1)",NA,NA,NA,NA,"no","4.2.0"
"R.utils","C:/Users/jub29yk/R/R-4.2.1/library","2.12.2",NA,"R (>= 2.14.0), R.oo","methods, utils, tools, R.methodsS3",NA,"datasets, digest (>= 0.6.10)",NA,"LGPL (>= 2.1)",NA,NA,NA,NA,"no","4.2.2"
"R6","C:/Users/jub29yk/R/R-4.2.1/library","2.5.1",NA,"R (>= 3.0)",NA,NA,"testthat, pryr",NA,"MIT + file LICENSE",NA,NA,NA,NA,"no","4.2.2"
"ragg","C:/Users/jub29yk/R/R-4.2.1/library","1.2.5",NA,NA,"systemfonts (>= 1.0.3), textshaping (>= 0.3.0)","systemfonts, textshaping","covr, graphics, grid, testthat",NA,"MIT + file LICENSE",NA,NA,NA,NA,"yes","4.2.2"
"randomForest","C:/Users/jub29yk/R/R-4.2.1/library","4.7-1.1",NA,"R (>= 4.1.0), stats",NA,NA,"RColorBrewer, MASS",NA,"GPL (>= 2)",NA,NA,NA,NA,"yes","4.2.2"
"ranger","C:/Users/jub29yk/R/R-4.2.1/library","0.14.1",NA,"R (>= 3.1)","Rcpp (>= 0.11.2), Matrix","Rcpp, RcppEigen","survival, testthat",NA,"GPL-3",NA,NA,NA,NA,"yes","4.2.2"
"RankProd","C:/Users/jub29yk/R/R-4.2.1/library","3.24.0",NA,"R (>= 3.2.1), stats, methods, Rmpfr, gmp","graphics",NA,NA,NA,"file LICENSE",NA,"yes",NA,NA,"no","4.2.1"
"rappdirs","C:/Users/jub29yk/R/R-4.2.1/library","0.3.3",NA,"R (>= 3.2)",NA,NA,"roxygen2, testthat (>= 3.0.0), covr, withr",NA,"MIT + file LICENSE",NA,NA,NA,NA,"yes","4.2.2"
"rcmdcheck","C:/Users/jub29yk/R/R-4.2.1/library","1.4.0",NA,NA,"callr (>= 3.1.1.9000), cli (>= 3.0.0), curl, desc (>= 1.2.0),
digest, pkgbuild, prettyunits, R6, rprojroot, sessioninfo (>=
1.1.1), utils, withr, xopen",NA,"covr, knitr, mockery, processx, ps, rmarkdown, svglite,
testthat, webfakes",NA,"MIT + file LICENSE",NA,NA,NA,NA,"no","4.2.2"
"RColorBrewer","C:/Users/jub29yk/R/R-4.2.1/library","1.1-3",NA,"R (>= 2.0.0)",NA,NA,NA,NA,"Apache License 2.0",NA,NA,NA,NA,"no","4.2.0"
"Rcpp","C:/Users/jub29yk/R/R-4.2.1/library","1.0.10",NA,NA,"methods, utils",NA,"tinytest, inline, rbenchmark, pkgKitten (>= 0.1.2)",NA,"GPL (>= 2)",NA,NA,NA,NA,"yes","4.2.2"
"RcppArmadillo","C:/Users/jub29yk/R/R-4.2.1/library","0.11.4.3.1",NA,"R (>= 3.3.0)","Rcpp (>= 0.11.0), stats, utils, methods","Rcpp","tinytest, Matrix (>= 1.3.0), pkgKitten, reticulate, slam",NA,"GPL (>= 2)",NA,NA,NA,NA,"yes","4.2.2"
"RcppEigen","C:/Users/jub29yk/R/R-4.2.1/library","0.3.3.9.3",NA,"R (>= 3.6.0)","Matrix (>= 1.1-0), Rcpp (>= 0.11.0), stats, utils","Rcpp","inline, tinytest, pkgKitten, microbenchmark",NA,"GPL (>= 2) | file LICENSE",NA,NA,NA,NA,"yes","4.2.2"
"RCurl","C:/Users/jub29yk/R/R-4.2.1/library","1.98-1.10",NA,"R (>= 3.4.0), methods","bitops",NA,"XML",NA,"BSD_3_clause + file LICENSE",NA,NA,NA,NA,"yes","4.2.2"
"readr","C:/Users/jub29yk/R/R-4.2.1/library","2.1.3",NA,"R (>= 3.4)","cli (>= 3.2.0), clipr, crayon, hms (>= 0.4.1), lifecycle (>=
0.2.0), methods, R6, rlang, tibble, utils, vroom (>= 1.6.0)","cpp11, tzdb (>= 0.1.1)","covr, curl, datasets, knitr, rmarkdown, spelling, stringi,
testthat (>= 3.1.2), tzdb (>= 0.1.1), waldo, withr, xml2",NA,"MIT + file LICENSE",NA,NA,NA,NA,"yes","4.2.2"
"readxl","C:/Users/jub29yk/R/R-4.2.1/library","1.4.1",NA,"R (>= 3.4)","cellranger, tibble (>= 2.0.1), utils","cpp11 (>= 0.4.0), progress","knitr, rmarkdown, testthat (>= 3.0.0)",NA,"MIT + file LICENSE",NA,NA,NA,NA,"yes","4.2.2"
"rematch","C:/Users/jub29yk/R/R-4.2.1/library","1.0.1",NA,NA,NA,NA,"covr, testthat",NA,"MIT + file LICENSE",NA,NA,NA,NA,"no","4.2.2"
"rematch2","C:/Users/jub29yk/R/R-4.2.1/library","2.1.2",NA,NA,"tibble",NA,"covr, testthat",NA,"MIT + file LICENSE",NA,NA,NA,NA,"no","4.2.2"
"remotes","C:/Users/jub29yk/R/R-4.2.1/library","2.4.2",NA,"R (>= 3.0.0)","methods, stats, tools, utils",NA,"brew, callr, codetools, curl, covr, git2r (>= 0.23.0), knitr,
mockery, pkgbuild (>= 1.0.1), pingr, rmarkdown, rprojroot,
testthat, webfakes, withr",NA,"MIT + file LICENSE",NA,NA,NA,NA,"no","4.2.2"
"reprex","C:/Users/jub29yk/R/R-4.2.1/library","2.0.2",NA,"R (>= 3.4)","callr (>= 3.6.0), cli (>= 3.2.0), clipr (>= 0.4.0), fs, glue,
knitr (>= 1.23), lifecycle, rlang (>= 1.0.0), rmarkdown,
rstudioapi, utils, withr (>= 2.3.0)",NA,"covr, fortunes, miniUI, mockr, rprojroot, sessioninfo, shiny,
spelling, styler (>= 1.2.0), testthat (>= 3.0.2)",NA,"MIT + file LICENSE",NA,NA,NA,NA,"no","4.2.2"
"reshape2","C:/Users/jub29yk/R/R-4.2.1/library","1.4.4",NA,"R (>= 3.1)","plyr (>= 1.8.1), Rcpp, stringr","Rcpp","covr, lattice, testthat (>= 0.8.0)",NA,"MIT + file LICENSE",NA,NA,NA,NA,"yes","4.2.2"
"rex","C:/Users/jub29yk/R/R-4.2.1/library","1.2.1",NA,NA,"lazyeval",NA,"covr, dplyr, ggplot2, Hmisc, knitr, magrittr, rmarkdown,
roxygen2, rvest, stringr, testthat",NA,"MIT + file LICENSE",NA,NA,NA,NA,"no","4.2.2"
"rhub","C:/Users/jub29yk/R/R-4.2.1/library","1.1.2",NA,NA,"assertthat, callr, cli (>= 1.1.0), crayon, desc, digest, httr,
jsonlite, parsedate, pillar, prettyunits, processx, R6,
rappdirs, rcmdcheck (>= 1.2.1), rematch, tibble, utils, uuid,
whoami, withr",NA,"covr, testthat, knitr, rmarkdown",NA,"MIT + file LICENSE",NA,NA,NA,NA,"no","4.2.2"
"rlang","C:/Users/jub29yk/R/R-4.2.1/library","1.0.6",NA,"R (>= 3.4.0)","utils",NA,"cli (>= 3.1.0), covr, crayon, fs, glue, knitr, magrittr,
methods, pillar, rmarkdown, stats, testthat (>= 3.0.0), tibble,
usethis, vctrs (>= 0.2.3), withr","winch","MIT + file LICENSE",NA,NA,NA,NA,"yes","4.2.2"
"rmarkdown","C:/Users/jub29yk/R/R-4.2.1/library","2.20",NA,"R (>= 3.0)","bslib (>= 0.2.5.1), evaluate (>= 0.13), htmltools (>= 0.5.1),
jquerylib, jsonlite, knitr (>= 1.22), methods, stringr (>=
1.2.0), tinytex (>= 0.31), tools, utils, xfun (>= 0.36), yaml
(>= 2.1.19)",NA,"digest, dygraphs, fs, rsconnect, downlit (>= 0.4.0), katex
(>= 1.4.0), sass (>= 0.4.0), shiny (>= 1.6.0), testthat (>=
3.0.3), tibble, vctrs, withr (>= 2.4.2)",NA,"GPL-3",NA,NA,NA,NA,"no","4.2.2"
"Rmpfr","C:/Users/jub29yk/R/R-4.2.1/library","0.9-0",NA,"gmp (>= 0.6-1), R (>= 3.5.0)","stats, utils, methods",NA,"MASS, Bessel, polynom, sfsmisc (>= 1.1-14)","dfoptim, pracma, DPQ","GPL (>= 2)",NA,NA,NA,NA,"yes","4.2.2"
"rngtools","C:/Users/jub29yk/R/R-4.2.1/library","1.5.2",NA,"R (>= 3.2.0), methods","digest, utils, stats, parallel",NA,"covr, RUnit, testthat",NA,"GPL-3",NA,NA,NA,NA,"no","4.2.2"
"robustbase","C:/Users/jub29yk/R/R-4.2.1/library","0.95-0",NA,"R (>= 3.5.0)","stats, graphics, utils, methods, DEoptimR",NA,"grid, MASS, lattice, boot, cluster, Matrix, robust,
fit.models, MPV, xtable, ggplot2, GGally, RColorBrewer,
reshape2, sfsmisc, catdata, doParallel, foreach, skewt","robustX, rrcov, matrixStats, quantreg, Hmisc","GPL (>= 2)",NA,NA,NA,NA,"yes","4.2.2"
"ROCR","C:/Users/jub29yk/R/R-4.2.1/library","1.0-11",NA,"R (>= 3.6)","methods, graphics, grDevices, gplots, stats",NA,"testthat, knitr, rmarkdown",NA,"GPL (>= 2)",NA,NA,NA,NA,"no","4.2.2"
"roxygen2","C:/Users/jub29yk/R/R-4.2.1/library","7.2.3",NA,"R (>= 3.3)","brew, cli (>= 3.3.0), commonmark, desc (>= 1.2.0), knitr,
methods, pkgload (>= 1.0.2), purrr (>= 0.3.3), R6 (>= 2.1.2),
rlang (>= 1.0.6), stringi, stringr (>= 1.0.0), utils, withr,
xml2","cpp11","covr, R.methodsS3, R.oo, rmarkdown (>= 2.16), testthat (>=
3.1.2), yaml",NA,"MIT + file LICENSE",NA,NA,NA,NA,"yes","4.2.2"
"rpart","C:/Users/jub29yk/R/R-4.2.1/library","4.1.16","recommended","R (>= 2.15.0), graphics, stats, grDevices",NA,NA,"survival",NA,"GPL-2 | GPL-3",NA,NA,NA,NA,"yes","4.2.1"
"rprojroot","C:/Users/jub29yk/R/R-4.2.1/library","2.0.3",NA,"R (>= 3.0.0)",NA,NA,"covr, knitr, lifecycle, mockr, rmarkdown, testthat (>=
3.0.0), withr",NA,"MIT + file LICENSE",NA,NA,NA,NA,"no","4.2.2"
"rrcov","C:/Users/jub29yk/R/R-4.2.1/library","1.7-2",NA,"R (>= 2.10), robustbase (>= 0.92.1), methods","stats, stats4, mvtnorm, lattice, pcaPP",NA,"grid, MASS",NA,"GPL (>= 3)",NA,NA,NA,NA,"yes","4.2.2"
"rrcovNA","C:/Users/jub29yk/R/R-4.2.1/library","0.4-15",NA,"rrcov (>= 1.3-7), robustbase (>= 0.92-1), methods","stats4, lattice, norm, cluster",NA,"grid",NA,"GPL (>= 2)",NA,NA,NA,NA,"yes","4.2.2"
"rstudioapi","C:/Users/jub29yk/R/R-4.2.1/library","0.14",NA,NA,NA,NA,"testthat, knitr, rmarkdown, clipr, covr",NA,"MIT + file LICENSE",NA,NA,NA,NA,"no","4.2.2"
"rversions","C:/Users/jub29yk/R/R-4.2.1/library","2.1.2",NA,NA,"curl, utils, xml2 (>= 1.0.0)",NA,"covr, mockery, testthat",NA,"MIT + file LICENSE",NA,NA,NA,NA,"no","4.2.2"
"rvest","C:/Users/jub29yk/R/R-4.2.1/library","1.0.3",NA,"R (>= 3.2)","glue, cli, httr (>= 0.5), lifecycle (>= 1.0.0), magrittr,
rlang (>= 1.0.0), selectr, tibble, xml2 (>= 1.3), withr",NA,"covr, knitr, readr, repurrrsive, rmarkdown, spelling, stringi
(>= 0.3.1), testthat (>= 3.0.2), webfakes",NA,"MIT + file LICENSE",NA,NA,NA,NA,"no","4.2.2"
"S4Vectors","C:/Users/jub29yk/R/R-4.2.1/library","0.36.1",NA,"R (>= 4.0.0), methods, utils, stats, stats4, BiocGenerics (>=
0.37.0)",NA,NA,"IRanges, GenomicRanges, SummarizedExperiment, Matrix,
DelayedArray, ShortRead, graph, data.table, RUnit, BiocStyle",NA,"Artistic-2.0",NA,NA,NA,NA,"yes","4.2.2"
"sandwich","C:/Users/jub29yk/R/R-4.2.1/library","3.0-2",NA,"R (>= 3.0.0)","stats, utils, zoo",NA,"AER, car, geepack, lattice, lme4, lmtest, MASS, multiwayvcov,
parallel, pcse, plm, pscl, scatterplot3d, stats4, strucchange,
survival",NA,"GPL-2 | GPL-3",NA,NA,NA,NA,"no","4.2.2"
"sass","C:/Users/jub29yk/R/R-4.2.1/library","0.4.5",NA,NA,"fs, rlang (>= 0.4.10), htmltools (>= 0.5.1), R6, rappdirs",NA,"testthat, knitr, rmarkdown, withr, shiny, curl",NA,"MIT + file LICENSE",NA,NA,NA,NA,"yes","4.2.2"
"scales","C:/Users/jub29yk/R/R-4.2.1/library","1.2.1",NA,"R (>= 3.2)","farver (>= 2.0.3), labeling, lifecycle, munsell (>= 0.5), R6,
RColorBrewer, rlang (>= 1.0.0), viridisLite",NA,"bit64, covr, dichromat, ggplot2, hms (>= 0.5.0), stringi,
testthat (>= 3.0.0), waldo (>= 0.4.0)",NA,"MIT + file LICENSE",NA,NA,NA,NA,"no","4.2.2"
"scatterplot3d","C:/Users/jub29yk/R/R-4.2.1/library","0.3-42",NA,"R (>= 2.7.0)","grDevices, graphics, stats",NA,NA,NA,"GPL-2",NA,NA,NA,NA,"no","4.2.1"
"selectr","C:/Users/jub29yk/R/R-4.2.1/library","0.4-2",NA,"R (>= 3.0)","methods, stringr, R6",NA,"testthat, XML, xml2",NA,"BSD_3_clause + file LICENCE",NA,NA,NA,NA,"no","4.2.2"
"sessioninfo","C:/Users/jub29yk/R/R-4.2.1/library","1.2.2",NA,"R (>= 2.10)","cli (>= 3.1.0), tools, utils",NA,"callr, covr, mockery, reticulate, rmarkdown, testthat, withr",NA,"GPL-2",NA,NA,NA,NA,"no","4.2.2"
"shape","C:/Users/jub29yk/R/R-4.2.1/library","1.4.6",NA,"R (>= 2.01)","stats, graphics, grDevices",NA,NA,NA,"GPL (>= 3)",NA,NA,NA,NA,"no","4.2.0"
"shiny","C:/Users/jub29yk/R/R-4.2.1/library","1.7.4",NA,"R (>= 3.0.2), methods","utils, grDevices, httpuv (>= 1.5.2), mime (>= 0.3), jsonlite
(>= 0.9.16), xtable, fontawesome (>= 0.4.0), htmltools (>=
0.5.4), R6 (>= 2.0), sourcetools, later (>= 1.0.0), promises
(>= 1.1.0), tools, crayon, rlang (>= 0.4.10), fastmap (>=
1.1.0), withr, commonmark (>= 1.7), glue (>= 1.3.2), bslib (>=
0.3.0), cachem, ellipsis, lifecycle (>= 0.2.0)",NA,"datasets, Cairo (>= 1.5-5), testthat (>= 3.0.0), knitr (>=
1.6), markdown, rmarkdown, ggplot2, reactlog (>= 1.0.0),
magrittr, yaml, future, dygraphs, ragg, showtext, sass",NA,"GPL-3 | file LICENSE",NA,NA,NA,NA,"no","4.2.2"
"softImpute","C:/Users/jub29yk/R/R-4.2.1/library","1.4-1",NA,"Matrix, methods",NA,NA,"knitr, rmarkdown",NA,"GPL-2",NA,NA,NA,NA,"yes","4.2.2"
"sourcetools","C:/Users/jub29yk/R/R-4.2.1/library","0.1.7",NA,"R (>= 3.0.2)",NA,NA,"testthat",NA,"MIT + file LICENSE",NA,NA,NA,NA,"yes","4.2.2"
"sp","C:/Users/jub29yk/R/R-4.2.1/library","1.6-0",NA,"R (>= 3.0.0), methods","utils, stats, graphics, grDevices, lattice, grid",NA,"RColorBrewer, rgdal (>= 1.2-3), rgeos (>= 0.3-13), gstat,
maptools, deldir, knitr, rmarkdown, sf",NA,"GPL (>= 2)",NA,NA,NA,NA,"yes","4.2.2"
"SparseM","C:/Users/jub29yk/R/R-4.2.1/library","1.81",NA,"R (>= 2.15), methods","graphics, stats, utils",NA,NA,NA,"GPL (>= 2)",NA,NA,NA,NA,"yes","4.2.0"
"spatial","C:/Users/jub29yk/R/R-4.2.1/library","7.3-15","recommended","R (>= 3.0.0), graphics, stats, utils",NA,NA,"MASS",NA,"GPL-2 | GPL-3",NA,NA,NA,NA,"yes","4.2.1"
"spelling","C:/Users/jub29yk/R/R-4.2.1/library","2.2",NA,NA,"commonmark, xml2, hunspell (>= 3.0), knitr",NA,"pdftools",NA,"MIT + file LICENSE",NA,NA,NA,NA,"no","4.2.2"
"splines","C:/Users/jub29yk/R/R-4.2.1/library","4.2.1","base",NA,"graphics, stats",NA,"Matrix, methods",NA,"Part of R 4.2.1",NA,NA,NA,NA,"yes","4.2.1"
"stats","C:/Users/jub29yk/R/R-4.2.1/library","4.2.1","base",NA,"utils, grDevices, graphics",NA,"MASS, Matrix, SuppDists, methods, stats4",NA,"Part of R 4.2.1",NA,NA,NA,NA,"yes","4.2.1"
"stats4","C:/Users/jub29yk/R/R-4.2.1/library","4.2.1","base",NA,"graphics, methods, stats",NA,NA,NA,"Part of R 4.2.1",NA,NA,NA,NA,NA,"4.2.1"
"stringi","C:/Users/jub29yk/R/R-4.2.1/library","1.7.12",NA,"R (>= 3.1)","tools, utils, stats",NA,NA,NA,"file LICENSE","yes",NA,NA,NA,"yes","4.2.2"
"stringr","C:/Users/jub29yk/R/R-4.2.1/library","1.5.0",NA,"R (>= 3.3)","cli, glue (>= 1.6.1), lifecycle (>= 1.0.3), magrittr, rlang
(>= 1.0.0), stringi (>= 1.5.3), vctrs",NA,"covr, htmltools, htmlwidgets, knitr, rmarkdown, testthat (>=
3.0.0)",NA,"MIT + file LICENSE",NA,NA,NA,NA,"no","4.2.2"
"SummarizedExperiment","C:/Users/jub29yk/R/R-4.2.1/library","1.28.0",NA,"R (>= 4.0.0), methods, MatrixGenerics (>= 1.1.3),
GenomicRanges (>= 1.41.5), Biobase","utils, stats, tools, Matrix, BiocGenerics (>= 0.37.0),
S4Vectors (>= 0.33.7), IRanges (>= 2.23.9), GenomeInfoDb (>=
1.13.1), DelayedArray (>= 0.15.10)",NA,"HDF5Array (>= 1.7.5), annotate, AnnotationDbi, hgu95av2.db,
GenomicFeatures, TxDb.Hsapiens.UCSC.hg19.knownGene, jsonlite,
rhdf5, airway (>= 1.15.1), BiocStyle, knitr, rmarkdown, RUnit,
testthat, digest",NA,"Artistic-2.0",NA,NA,NA,NA,"no","4.2.1"
"survival","C:/Users/jub29yk/R/R-4.2.1/library","3.3-1","recommended","R (>= 3.5.0)","graphics, Matrix, methods, splines, stats, utils",NA,NA,NA,"LGPL (>= 2)",NA,NA,NA,NA,"yes","4.2.1"
"sys","C:/Users/jub29yk/R/R-4.2.1/library","3.4.1",NA,NA,NA,NA,"unix (>= 1.4), spelling, testthat",NA,"MIT + file LICENSE",NA,NA,NA,NA,"yes","4.2.2"
"systemfonts","C:/Users/jub29yk/R/R-4.2.1/library","1.0.4",NA,"R (>= 3.2.0)",NA,"cpp11 (>= 0.2.1)","testthat (>= 2.1.0), covr, knitr, rmarkdown, tools",NA,"MIT + file LICENSE",NA,NA,NA,NA,"yes","4.2.2"
"tcltk","C:/Users/jub29yk/R/R-4.2.1/library","4.2.1","base",NA,"utils",NA,NA,NA,"Part of R 4.2.1",NA,NA,NA,NA,"yes","4.2.1"
"testthat","C:/Users/jub29yk/R/R-4.2.1/library","3.1.6",NA,"R (>= 3.1)","brio, callr (>= 3.5.1), cli (>= 3.4.0), desc, digest, ellipsis
(>= 0.2.0), evaluate, jsonlite, lifecycle, magrittr, methods,
pkgload, praise, processx, ps (>= 1.3.4), R6 (>= 2.2.0), rlang
(>= 1.0.1), utils, waldo (>= 0.4.0), withr (>= 2.4.3)",NA,"covr, curl (>= 0.9.5), diffviewer (>= 0.1.0), knitr, mockery,
rmarkdown, rstudioapi, shiny, usethis, vctrs (>= 0.1.0), xml2",NA,"MIT + file LICENSE",NA,NA,NA,NA,"yes","4.2.2"
"textshaping","C:/Users/jub29yk/R/R-4.2.1/library","0.3.6",NA,"R (>= 3.2.0)","systemfonts (>= 1.0.0)","cpp11 (>= 0.2.1), systemfonts (>= 1.0.0)","covr, knitr, rmarkdown",NA,"MIT + file LICENSE",NA,NA,NA,NA,"yes","4.2.2"
"tibble","C:/Users/jub29yk/R/R-4.2.1/library","3.1.8",NA,"R (>= 3.1.0)","fansi (>= 0.4.0), lifecycle (>= 1.0.0), magrittr, methods,
pillar (>= 1.7.0), pkgconfig, rlang (>= 1.0.2), utils, vctrs
(>= 0.3.8)",NA,"bench, bit64, blob, brio, callr, cli, covr, crayon (>=
1.3.4), DiagrammeR, dplyr, evaluate, formattable, ggplot2, hms,
htmltools, knitr, lubridate, mockr, nycflights13, pkgbuild,
pkgload, purrr, rmarkdown, stringi, testthat (>= 3.0.2), tidyr,
withr",NA,"MIT + file LICENSE",NA,NA,NA,NA,"yes","4.2.2"
"tidyr","C:/Users/jub29yk/R/R-4.2.1/library","1.3.0",NA,"R (>= 3.4.0)","cli (>= 3.4.1), dplyr (>= 1.0.10), glue, lifecycle (>= 1.0.3),
magrittr, purrr (>= 1.0.1), rlang (>= 1.0.4), stringr (>=
1.5.0), tibble (>= 2.1.1), tidyselect (>= 1.2.0), utils, vctrs
(>= 0.5.2)","cpp11 (>= 0.4.0)","covr, data.table, knitr, readr, repurrrsive (>= 1.1.0),
rmarkdown, testthat (>= 3.0.0)",NA,"MIT + file LICENSE",NA,NA,NA,NA,"yes","4.2.2"
"tidyselect","C:/Users/jub29yk/R/R-4.2.1/library","1.2.0",NA,"R (>= 3.4)","cli (>= 3.3.0), glue (>= 1.3.0), lifecycle (>= 1.0.3), rlang
(>= 1.0.4), vctrs (>= 0.4.1), withr",NA,"covr, crayon, dplyr, knitr, magrittr, rmarkdown, stringr,
testthat (>= 3.1.1), tibble (>= 2.1.3)",NA,"MIT + file LICENSE",NA,NA,NA,NA,"no","4.2.2"
"tidyverse","C:/Users/jub29yk/R/R-4.2.1/library","1.3.2",NA,"R (>= 3.3)","broom (>= 0.7.10), cli (>= 3.1.0), crayon (>= 1.4.2), dbplyr
(>= 2.1.1), dplyr (>= 1.0.7), dtplyr (>= 1.2.0), forcats (>=
0.5.1), ggplot2 (>= 3.3.5), googledrive (>= 2.0.0),
googlesheets4 (>= 1.0.0), haven (>= 2.4.3), hms (>= 1.1.1),
httr (>= 1.4.2), jsonlite (>= 1.7.2), lubridate (>= 1.8.0),
magrittr (>= 2.0.1), modelr (>= 0.1.8), pillar (>= 1.6.4),
purrr (>= 0.3.4), readr (>= 2.1.1), readxl (>= 1.3.1), reprex
(>= 2.0.1), rlang (>= 0.4.12), rstudioapi (>= 0.13), rvest (>=
1.0.2), stringr (>= 1.4.0), tibble (>= 3.1.6), tidyr (>=
1.1.4), xml2 (>= 1.3.3)",NA,"covr, feather, glue, knitr, rmarkdown, testthat",NA,"MIT + file LICENSE",NA,NA,NA,NA,"no","4.2.2"
"timechange","C:/Users/jub29yk/R/R-4.2.1/library","0.2.0",NA,"R (>= 3.3)",NA,"cpp11 (>= 0.2.7)","testthat (>= 0.7.1.99), knitr",NA,"GPL-3",NA,NA,NA,NA,"yes","4.2.2"
"tinytex","C:/Users/jub29yk/R/R-4.2.1/library","0.44",NA,NA,"xfun (>= 0.29)",NA,"testit, rstudioapi",NA,"MIT + file LICENSE",NA,NA,NA,NA,"no","4.2.1"
"tmvtnorm","C:/Users/jub29yk/R/R-4.2.1/library","1.5",NA,"R (>= 1.9.0), mvtnorm, utils, Matrix, stats4, gmm","stats, methods",NA,"lattice",NA,"GPL (>= 2)",NA,NA,NA,NA,"yes","4.2.2"
"tools","C:/Users/jub29yk/R/R-4.2.1/library","4.2.1","base",NA,NA,NA,"codetools, methods, xml2, curl, commonmark, knitr, xfun,
mathjaxr",NA,"Part of R 4.2.1",NA,NA,NA,NA,"yes","4.2.1"
"translations","C:/Users/jub29yk/R/R-4.2.1/library","4.2.1",NA,NA,NA,NA,NA,NA,"Part of R 4.2.1",NA,NA,NA,NA,NA,"4.2.1"
"TTR","C:/Users/jub29yk/R/R-4.2.1/library","0.24.3",NA,NA,"xts (>= 0.10-0), zoo, curl","xts","RUnit","quantmod","GPL (>= 2)",NA,NA,NA,NA,"yes","4.2.2"
"tzdb","C:/Users/jub29yk/R/R-4.2.1/library","0.3.0",NA,"R (>= 3.4.0)",NA,"cpp11 (>= 0.4.2)","covr, testthat (>= 3.0.0)",NA,"MIT + file LICENSE",NA,NA,NA,NA,"yes","4.2.2"
"urlchecker","C:/Users/jub29yk/R/R-4.2.1/library","1.0.1",NA,"R (>= 3.3)","cli, curl, tools, xml2",NA,"covr",NA,"GPL-3",NA,NA,NA,NA,"no","4.2.2"
"usethis","C:/Users/jub29yk/R/R-4.2.1/library","2.1.6",NA,"R (>= 3.4)","cli (>= 3.0.1), clipr (>= 0.3.0), crayon, curl (>= 2.7), desc
(>= 1.4.0), fs (>= 1.3.0), gert (>= 1.4.1), gh (>= 1.2.1), glue
(>= 1.3.0), jsonlite, lifecycle (>= 1.0.0), purrr, rappdirs,
rlang (>= 1.0.0), rprojroot (>= 1.2), rstudioapi, stats, utils,
whisker, withr (>= 2.3.0), yaml",NA,"covr, knitr, magick, mockr, pkgload, rmarkdown, roxygen2 (>=
7.1.2), spelling (>= 1.2), styler (>= 1.2.0), testthat (>=
3.1.0)",NA,"MIT + file LICENSE",NA,NA,NA,NA,"no","4.2.2"
"utf8","C:/Users/jub29yk/R/R-4.2.1/library","1.2.2",NA,"R (>= 2.10)",NA,NA,"cli, covr, knitr, rlang, rmarkdown, testthat (>= 3.0.0),
withr",NA,"Apache License (== 2.0) | file LICENSE",NA,NA,NA,NA,"yes","4.2.2"
"utils","C:/Users/jub29yk/R/R-4.2.1/library","4.2.1","base",NA,NA,NA,"methods, xml2, commonmark, knitr",NA,"Part of R 4.2.1",NA,NA,NA,NA,"yes","4.2.1"
"uuid","C:/Users/jub29yk/R/R-4.2.1/library","1.1-0",NA,"R (>= 2.9.0)",NA,NA,NA,NA,"MIT + file LICENSE",NA,NA,NA,NA,"yes","4.2.0"
"vcd","C:/Users/jub29yk/R/R-4.2.1/library","1.4-11",NA,"R (>= 2.10), grid","stats, utils, MASS, grDevices, colorspace, lmtest",NA,"KernSmooth, mvtnorm, kernlab, HSAUR3, coin",NA,"GPL-2",NA,NA,NA,NA,"no","4.2.1"
"vctrs","C:/Users/jub29yk/R/R-4.2.1/library","0.5.2",NA,"R (>= 3.3)","cli (>= 3.4.0), glue, lifecycle (>= 1.0.3), rlang (>= 1.0.6)",NA,"bit64, covr, crayon, dplyr (>= 0.8.5), generics, knitr,
pillar (>= 1.4.4), pkgdown (>= 2.0.1), rmarkdown, testthat (>=
3.0.0), tibble (>= 3.1.3), withr, xml2, waldo (>= 0.2.0),
zeallot",NA,"MIT + file LICENSE",NA,NA,NA,NA,"yes","4.2.2"
"VIM","C:/Users/jub29yk/R/R-4.2.1/library","6.2.2",NA,"R (>= 3.5.0),colorspace,grid","car, grDevices, magrittr, robustbase, stats, sp,
vcd,MASS,nnet,e1071,methods,Rcpp,utils,graphics,laeken,ranger,
data.table(>= 1.9.4)","Rcpp","dplyr, tinytest, knitr, rmarkdown, reactable, covr, withr",NA,"GPL (>= 2)",NA,NA,NA,NA,"yes","4.2.2"
"viridis","C:/Users/jub29yk/R/R-4.2.1/library","0.6.2",NA,"R (>= 2.10), viridisLite (>= 0.4.0)","stats, ggplot2 (>= 1.0.1), gridExtra",NA,"hexbin (>= 1.27.0), scales, MASS, knitr, dichromat,
colorspace, raster, rasterVis, httr, mapproj, vdiffr, svglite
(>= 1.2.0), testthat, covr, rmarkdown, rgdal, maps",NA,"MIT + file LICENSE",NA,NA,NA,NA,"no","4.2.2"
"viridisLite","C:/Users/jub29yk/R/R-4.2.1/library","0.4.1",NA,"R (>= 2.10)",NA,NA,"hexbin (>= 1.27.0), ggplot2 (>= 1.0.1), testthat, covr",NA,"MIT + file LICENSE",NA,NA,NA,NA,"no","4.2.2"
"vroom","C:/Users/jub29yk/R/R-4.2.1/library","1.6.1",NA,"R (>= 3.4)","bit64, cli (>= 3.2.0), crayon, glue, hms, lifecycle (>=
1.0.3), methods, rlang (>= 0.4.2), stats, tibble (>= 2.0.0),
tidyselect, tzdb (>= 0.1.1), vctrs (>= 0.2.0), withr","cpp11 (>= 0.2.0), progress (>= 1.2.1), tzdb (>= 0.1.1)","archive, bench (>= 1.1.0), covr, curl, dplyr, forcats, fs,
ggplot2, knitr, patchwork, prettyunits, purrr, rmarkdown,
rstudioapi, scales, spelling, testthat (>= 2.1.0), tidyr,
utils, waldo, xml2",NA,"MIT + file LICENSE",NA,NA,NA,NA,"yes","4.2.2"
"vsn","C:/Users/jub29yk/R/R-4.2.1/library","3.66.0",NA,"R (>= 4.0.0), methods, Biobase","affy, limma, lattice, ggplot2",NA,"affydata, hgu95av2cdf, BiocStyle, knitr, rmarkdown, dplyr,
testthat",NA,"Artistic-2.0",NA,NA,NA,NA,"yes","4.2.1"
"waldo","C:/Users/jub29yk/R/R-4.2.1/library","0.4.0",NA,NA,"cli, diffobj (>= 0.3.4), fansi, glue, methods, rematch2, rlang
(>= 1.0.0), tibble",NA,"covr, R6, testthat (>= 3.0.0), withr, xml2",NA,"MIT + file LICENSE",NA,NA,NA,NA,"no","4.2.2"
"whisker","C:/Users/jub29yk/R/R-4.2.1/library","0.4.1",NA,NA,NA,NA,"markdown",NA,"GPL-3",NA,NA,NA,NA,"no","4.2.2"
"whoami","C:/Users/jub29yk/R/R-4.2.1/library","1.3.0",NA,NA,"httr, jsonlite, utils",NA,"covr, mockery, testthat, withr",NA,"MIT + file LICENSE",NA,NA,NA,NA,"no","4.2.2"
"withr","C:/Users/jub29yk/R/R-4.2.1/library","2.5.0",NA,"R (>= 3.2.0)","graphics, grDevices, stats",NA,"callr, covr, DBI, knitr, lattice, methods, rlang, rmarkdown
(>= 2.12), RSQLite, testthat (>= 3.0.0)",NA,"MIT + file LICENSE",NA,NA,NA,NA,"no","4.2.2"
"xfun","C:/Users/jub29yk/R/R-4.2.1/library","0.36",NA,NA,"stats, tools",NA,"testit, parallel, codetools, rstudioapi, tinytex (>= 0.30),
mime, markdown, knitr, htmltools, remotes, pak, rhub, renv,
curl, jsonlite, magick, rmarkdown",NA,"MIT + file LICENSE",NA,NA,NA,NA,"yes","4.2.2"
"xml2","C:/Users/jub29yk/R/R-4.2.1/library","1.3.3",NA,"R (>= 3.1.0)","methods",NA,"covr, curl, httr, knitr, magrittr, mockery, rmarkdown,
testthat (>= 2.1.0)",NA,"MIT + file LICENSE",NA,NA,NA,NA,"yes","4.2.2"
"xmlparsedata","C:/Users/jub29yk/R/R-4.2.1/library","1.0.5",NA,"R (>= 3.0.0)",NA,NA,"covr, testthat, xml2",NA,"MIT + file LICENSE",NA,NA,NA,NA,"no","4.2.2"
"xopen","C:/Users/jub29yk/R/R-4.2.1/library","1.0.0",NA,"R (>= 3.1)","processx",NA,"ps, testthat",NA,"MIT + file LICENSE",NA,NA,NA,NA,"no","4.2.2"
"xtable","C:/Users/jub29yk/R/R-4.2.1/library","1.8-4",NA,"R (>= 2.10.0)","stats, utils",NA,"knitr, plm, zoo, survival",NA,"GPL (>= 2)",NA,NA,NA,NA,"no","4.2.2"
"xts","C:/Users/jub29yk/R/R-4.2.1/library","0.12.2",NA,"zoo (>= 1.7-12)","methods","zoo","timeSeries, timeDate, tseries, chron, tis, RUnit",NA,"GPL (>= 2)",NA,NA,NA,NA,"yes","4.2.2"
"XVector","C:/Users/jub29yk/R/R-4.2.1/library","0.38.0",NA,"R (>= 4.0.0), methods, BiocGenerics (>= 0.37.0), S4Vectors (>=
0.27.12), IRanges (>= 2.23.9)","methods, utils, tools, zlibbioc, BiocGenerics, S4Vectors,
IRanges","S4Vectors, IRanges","Biostrings, drosophila2probe, RUnit",NA,"Artistic-2.0",NA,NA,NA,NA,"yes","4.2.1"
"yaml","C:/Users/jub29yk/R/R-4.2.1/library","2.3.7",NA,NA,NA,NA,"RUnit",NA,"BSD_3_clause + file LICENSE",NA,NA,NA,NA,"yes","4.2.2"
"zip","C:/Users/jub29yk/R/R-4.2.1/library","2.3.0",NA,NA,NA,NA,"covr, processx, R6, testthat, withr",NA,"MIT + file LICENSE",NA,NA,NA,NA,"yes","4.2.3"
"zlibbioc","C:/Users/jub29yk/R/R-4.2.1/library","1.44.0",NA,NA,NA,NA,NA,NA,"Artistic-2.0 + file LICENSE",NA,NA,NA,NA,"yes","4.2.1"
"zoo","C:/Users/jub29yk/R/R-4.2.1/library","1.8-11",NA,"R (>= 3.1.0), stats","utils, graphics, grDevices, lattice (>= 0.20-27)",NA,"AER, coda, chron, ggplot2 (>= 3.0.0), mondate, scales,
stinepack, strucchange, timeDate, timeSeries, tis, tseries, xts",NA,"GPL-2 | GPL-3",NA,NA,NA,NA,"yes","4.2.2"
